# ra,dec,ncap_weighted,nexp,delta,nraw
250.2089,40.8169,100110.3977,99154.7039,0.0096,97908.0000
180.8478,13.8227,136430.1465,137859.3990,-0.0104,137159.0000
267.7298,54.1442,72668.1816,71133.4234,0.0216,70464.0000
234.3552,6.0126,116466.7241,116806.8513,-0.0029,115219.0000
109.4947,26.6375,68991.3473,68921.9247,0.0010,68332.0000
291.9538,2.2399,30586.0755,30555.9719,0.0010,29594.0000
247.5559,23.4882,109129.6611,108669.7900,0.0042,107074.0000
252.7153,0.1428,91055.9738,91416.8826,-0.0039,89815.0000
116.5195,0.7460,70593.1957,71509.0321,-0.0128,70763.0000
183.2299,32.2516,141615.5638,141677.5689,-0.0004,141482.0000
166.7552,7.5330,128090.1762,129621.1224,-0.0118,128901.0000
281.8404,1.4603,46323.9470,46290.1567,0.0007,45185.0000
223.2801,64.2226,82894.7941,80269.3418,0.0327,80128.0000
260.3117,-7.1211,70467.1233,71284.5116,-0.0115,69592.0000
181.7867,28.6367,142175.0188,142540.8327,-0.0026,142261.0000
137.0384,27.3708,108341.0022,108217.2980,0.0011,107649.0000
204.7991,6.6540,137438.7003,138301.9823,-0.0062,137181.0000
103.2102,20.4523,60097.9804,60143.2534,-0.0008,59605.0000
261.3197,-4.1453,73457.4300,74105.9112,-0.0088,72468.0000
220.7545,41.2707,134963.2521,134179.4682,0.0058,132578.0000
246.9242,4.7307,101918.5724,102188.4537,-0.0026,100515.0000
163.3869,2.8525,120022.0296,121865.4864,-0.0151,120820.0000
290.9345,10.9600,42358.4455,41886.2750,0.0113,40765.0000
274.8761,60.3238,61188.2041,59636.6330,0.0260,58967.0000
251.1254,48.2872,93882.5139,92655.4320,0.0132,91610.0000
130.2902,66.9660,50359.0354,48437.1835,0.0397,48592.0000
186.6112,35.4187,140228.7483,139747.9678,0.0034,139755.0000
99.0674,36.3139,51138.4266,50438.5742,0.0139,50252.0000
121.9379,22.3907,87471.8298,87624.9362,-0.0017,86919.0000
231.3911,60.7026,87172.6336,84797.7290,0.0280,84438.0000
244.1658,24.6173,113402.8192,112951.6047,0.0040,111316.0000
290.2745,13.6827,46430.0796,45754.1286,0.0148,44633.0000
157.4458,34.4830,132441.9324,132295.6582,0.0011,131780.0000
166.6852,27.2126,144660.3945,145012.0386,-0.0024,144396.0000
187.1981,-1.7404,122090.6757,123884.5082,-0.0145,122849.0000
129.2206,16.2637,96406.8190,96628.8999,-0.0023,96023.0000
116.8938,10.8553,75451.7240,76023.6118,-0.0075,75438.0000
188.4709,53.5792,93930.8039,90919.6543,0.0331,91644.0000
136.9702,15.3087,105861.0315,106178.0146,-0.0030,105543.0000
228.6515,50.8481,108711.4977,106904.1888,0.0169,106103.0000
180.4904,19.7206,140040.3938,141230.1203,-0.0084,140626.0000
262.3644,44.1750,85923.9412,84802.5626,0.0132,83773.0000
234.9549,-0.9947,108152.0097,108987.9490,-0.0077,107330.0000
154.6599,63.4542,68408.3460,65962.5337,0.0371,66331.0000
262.2778,22.4285,90328.9269,89776.3307,0.0062,88190.0000
256.5862,7.2668,92719.6488,92644.9163,0.0008,91050.0000
170.2080,6.0467,127645.8362,129339.6775,-0.0131,128582.0000
149.6839,7.6192,115304.7802,116309.9163,-0.0086,115551.0000
231.2766,14.4786,126146.0414,125978.3083,0.0013,124557.0000
118.9288,40.9412,73555.3629,73214.5378,0.0047,72685.0000
131.3810,67.4290,50577.1686,48647.5430,0.0397,48750.0000
91.5240,36.8179,41848.0526,41128.4430,0.0175,40814.0000
252.8933,27.2890,102440.9740,101788.6867,0.0064,100279.0000
227.6241,20.1577,132854.2033,132778.7010,0.0006,131126.0000
235.9692,51.5494,102983.0378,100997.1899,0.0197,100399.0000
251.6109,53.8951,86855.9126,85213.6193,0.0193,84430.0000
184.9956,9.4909,134148.9991,135669.4296,-0.0112,134846.0000
207.7294,68.0967,79735.7823,76434.1575,0.0432,76920.0000
118.9380,16.4285,81689.3885,81873.7238,-0.0023,81372.0000
113.7077,48.6478,57689.6690,56880.7120,0.0142,56686.0000
228.3594,70.6125,76184.4807,73168.6644,0.0412,73332.0000
187.5169,39.7375,134811.8064,133676.6872,0.0085,133992.0000
207.0039,0.7441,130684.4075,131767.2661,-0.0082,130517.0000
248.3548,30.2319,107314.9404,106649.8059,0.0062,105127.0000
221.3867,-2.0876,119012.0936,120166.8443,-0.0096,118573.0000
204.5909,47.5637,120119.9816,118480.9484,0.0138,118200.0000
205.7559,8.7051,139590.8279,140395.0253,-0.0057,139234.0000
152.9177,39.0145,122480.2910,122010.7882,0.0038,121714.0000
96.3793,61.3728,34864.7895,33559.3521,0.0389,33466.0000
180.4005,2.0326,125793.3485,127164.0614,-0.0108,126504.0000
134.4190,16.2728,103037.0770,103291.4438,-0.0025,102661.0000
174.5654,35.0263,139882.7959,139733.0488,0.0011,139545.0000
266.6544,18.1299,84197.2483,83804.3579,0.0047,82179.0000
138.4255,1.6226,98379.1019,99470.3878,-0.0110,98721.0000
102.0687,-8.0515,44411.4903,45554.6049,-0.0251,44535.0000
148.2465,17.2226,119338.0945,119837.6343,-0.0042,119087.0000
150.7739,35.1954,122898.0334,122611.3087,0.0023,122162.0000
227.0167,29.3052,133486.4949,133093.8805,0.0029,131476.0000
205.3057,0.3927,130041.5816,131220.9662,-0.0090,129977.0000
252.2669,20.3056,102629.9795,102226.1837,0.0040,100602.0000
227.5129,14.6665,131086.7580,131040.3565,0.0004,129556.0000
174.1221,8.2291,131136.2302,132662.8805,-0.0115,132049.0000
258.5022,41.9792,90802.0071,89730.7262,0.0119,88646.0000
124.5634,10.6078,86922.1416,87296.3732,-0.0043,86831.0000
94.7014,26.7671,48360.9578,47851.9206,0.0106,47510.0000
108.6399,63.2437,40538.4603,39034.8518,0.0385,39044.0000
239.5284,26.7029,118133.5959,117683.3037,0.0038,116016.0000
185.6086,32.6281,140970.6299,141149.8870,-0.0013,140777.0000
123.3833,-5.1077,74048.8464,75042.9499,-0.0132,74354.0000
193.7163,1.8421,128650.6135,130465.0919,-0.0139,129215.0000
121.5286,-3.2689,73841.2943,74743.0459,-0.0121,74085.0000
234.1383,45.2285,113565.2418,112409.6147,0.0103,111196.0000
182.3543,52.3795,95741.2858,92933.2794,0.0302,93642.0000
168.8714,2.3933,122554.3607,124286.4117,-0.0139,123510.0000
152.4130,4.5697,114639.6777,115974.6765,-0.0115,115102.0000
220.4685,11.5221,136439.8337,136937.2961,-0.0036,135416.0000
164.8952,30.6112,142807.5392,142963.6020,-0.0011,142321.0000
108.1435,33.0040,64850.2202,64488.8701,0.0056,64067.0000
114.4272,38.2973,69726.0641,69405.2331,0.0046,68896.0000
289.1128,60.7034,47062.3680,45497.8748,0.0344,44898.0000
278.0762,9.6253,63503.5768,63095.1616,0.0065,61811.0000
234.8394,35.9727,120662.4966,120046.8716,0.0051,118304.0000
145.0351,28.2283,118418.4217,118311.9611,0.0009,117740.0000
290.6195,10.3510,42133.0156,41675.3573,0.0110,40565.0000
251.2014,61.0055,79915.1112,77909.1915,0.0257,77277.0000
238.3963,-3.6315,101636.9604,102481.7356,-0.0082,100845.0000
183.0178,40.4594,132639.2168,131410.4292,0.0094,131819.0000
146.3540,41.8549,110133.3977,109622.4462,0.0047,109285.0000
109.9529,62.1049,41995.9293,40536.9102,0.0360,40574.0000
276.8387,25.1795,72714.7006,72010.2473,0.0098,70588.0000
184.3457,11.4150,135249.5708,136681.3632,-0.0105,135918.0000
131.8892,51.5011,74115.5309,72932.4508,0.0162,73013.0000
153.3330,45.7950,105464.3623,104608.2204,0.0082,104458.0000
209.8985,23.8507,149190.7015,149334.6795,-0.0010,148112.0000
126.5920,45.5154,78440.7122,77789.4224,0.0084,77494.0000
267.3192,7.8061,79048.5152,78919.5635,0.0016,77297.0000
247.0135,30.4904,108980.0397,108259.1182,0.0067,106792.0000
238.9288,55.6775,93452.5635,91328.6561,0.0233,90812.0000
179.4433,11.1695,134419.8797,135763.0913,-0.0099,135223.0000
219.8529,22.6428,142554.7037,142727.5500,-0.0012,140903.0000
210.9083,67.6790,80209.5211,76894.0033,0.0431,77358.0000
224.5182,48.4612,116643.6962,115236.9952,0.0122,114111.0000
107.4800,58.3344,43186.7875,42036.3432,0.0274,41922.0000
176.0721,15.7487,138417.9122,139728.6297,-0.0094,139229.0000
98.6141,77.8472,34771.7420,32564.3515,0.0678,32742.0000
192.2561,0.1494,125904.9328,127922.0985,-0.0158,126571.0000
158.2813,25.1934,134592.8622,134877.9308,-0.0021,134168.0000
119.9165,22.3364,84574.4447,84648.8642,-0.0009,84009.0000
111.4044,48.4832,55141.7342,54390.7046,0.0138,54154.0000
211.6424,61.1701,86222.1362,83432.2874,0.0334,83494.0000
125.3127,42.1458,82102.8769,81514.6441,0.0072,81192.0000
281.4999,33.4011,66441.9693,65500.0757,0.0144,64234.0000
210.2797,18.6720,146420.3420,146726.9150,-0.0021,145535.0000
161.8020,24.5772,138260.7922,138595.1424,-0.0024,137929.0000
212.3195,24.5026,148583.9130,148700.8252,-0.0008,147242.0000
94.7204,-8.6337,34084.8704,34854.7862,-0.0221,34196.0000
288.4218,24.0484,55220.9898,54250.5713,0.0179,53061.0000
189.8368,54.6105,91948.0525,88777.7527,0.0357,89498.0000
252.0262,40.2226,98663.3999,97619.9376,0.0107,96453.0000
107.1251,48.2119,51234.5128,50274.1349,0.0191,50144.0000
190.7383,16.1092,138919.8568,140129.7344,-0.0086,139243.0000
191.5763,25.9420,142507.5378,143189.6102,-0.0048,142598.0000
284.1301,-7.7566,30946.0956,31326.6102,-0.0121,30150.0000
208.3477,15.5941,145346.5496,145766.6305,-0.0029,144642.0000
188.0123,21.9893,140674.3918,141568.8902,-0.0063,140961.0000
145.2640,6.9607,109655.2435,110596.3511,-0.0085,109853.0000
158.6348,-7.9065,100136.8707,102436.4161,-0.0224,101167.0000
197.7792,38.6061,141445.8827,140784.5306,0.0047,140409.0000
180.8547,19.2080,139740.9246,140970.7277,-0.0087,140325.0000
94.4737,17.8529,46743.4122,46713.4383,0.0006,46284.0000
261.0424,6.6126,86200.0055,86058.2683,0.0016,84524.0000
275.5053,26.5958,74280.5582,73568.7635,0.0097,72168.0000
119.0316,19.4141,82652.2821,82739.3780,-0.0011,82234.0000
204.6855,21.9585,147435.9652,147826.9338,-0.0026,146938.0000
112.4752,29.8293,72330.6980,72168.5838,0.0022,71602.0000
229.1537,-9.5752,97071.4407,98680.8950,-0.0163,96871.0000
148.2154,61.0439,67810.9367,65762.3952,0.0312,66114.0000
226.5005,-5.2512,108820.0852,110164.2747,-0.0122,108493.0000
240.4879,20.3219,116999.6250,116752.6544,0.0021,115107.0000
249.1100,3.7799,98632.4478,98836.5254,-0.0021,97244.0000
112.3024,25.5605,73115.0388,72998.9716,0.0016,72484.0000
279.6145,8.6324,59687.1259,59231.9388,0.0077,58053.0000
137.6543,55.0744,71741.6400,70344.6649,0.0199,70549.0000
97.7444,16.5144,51119.2094,51208.2617,-0.0017,50800.0000
204.8545,34.3530,147506.7857,147074.8503,0.0029,146526.0000
166.7809,6.5388,126854.1289,128378.3679,-0.0119,127689.0000
261.7665,-8.6981,65888.3560,66664.0206,-0.0116,65077.0000
257.3081,17.0533,95544.1401,95137.6473,0.0043,93615.0000
155.6478,26.4964,131561.1164,131621.5184,-0.0005,131070.0000
287.2502,20.9317,56061.3494,55161.2683,0.0163,53960.0000
150.2200,69.6760,60246.3219,57457.5215,0.0485,57854.0000
196.6168,40.0118,138218.7344,137427.3218,0.0058,137183.0000
142.9848,77.5873,51471.6276,48297.0652,0.0657,48876.0000
283.7610,9.6267,53650.3010,53073.7821,0.0109,52008.0000
124.0738,47.5550,72181.2308,71372.2656,0.0113,71207.0000
99.2965,27.9159,54693.7176,54273.7935,0.0077,53899.0000
180.0651,32.2154,142075.9505,141963.1300,0.0008,141873.0000
295.4217,74.8585,37704.2053,35431.1379,0.0642,35351.0000
274.5772,35.5834,74495.1343,73657.4713,0.0114,72358.0000
244.9619,59.8522,84828.1499,82614.7805,0.0268,82108.0000
274.3940,41.6665,73571.8172,72553.0484,0.0140,71357.0000
274.9435,-1.5175,54802.9757,55034.7949,-0.0042,53730.0000
197.4037,39.3739,140018.7218,139297.6260,0.0052,138977.0000
155.3973,22.6977,130603.4473,130926.1679,-0.0025,130256.0000
249.8066,62.6001,79778.1609,77681.8787,0.0270,77110.0000
226.9639,49.3293,113310.5918,111728.7833,0.0142,110744.0000
167.3471,-3.0578,113577.6789,115516.6569,-0.0168,114512.0000
109.5546,-1.0852,59859.4321,60847.8280,-0.0162,59957.0000
244.5854,-5.3494,93685.6092,94563.7832,-0.0093,92830.0000
144.3293,23.3399,116846.1819,116819.2021,0.0002,116289.0000
283.9203,-4.6078,35178.3262,35423.8006,-0.0069,34287.0000
139.8809,41.4831,103816.3077,103234.6935,0.0056,102895.0000
115.4109,27.6764,77297.7448,77153.8093,0.0019,76585.0000
262.0403,52.3755,79647.0537,78155.2673,0.0191,77359.0000
121.7299,8.6033,80551.3982,81090.8643,-0.0067,80550.0000
127.1085,25.2205,94711.1823,94576.3229,0.0014,94040.0000
214.0722,-2.1736,122917.7141,124172.5735,-0.0101,122639.0000
271.0343,58.0294,66777.1361,65209.6147,0.0240,64554.0000
130.6620,1.6349,88511.4243,89567.6775,-0.0118,88808.0000
154.2370,-3.1753,105143.2224,107086.1087,-0.0181,105997.0000
250.9228,3.6259,96559.0904,96735.4503,-0.0018,95134.0000
291.1681,49.2681,47782.2951,46650.9074,0.0243,45747.0000
193.6534,-2.9465,121574.8787,123456.1839,-0.0152,122274.0000
119.7868,32.4243,82232.5728,82037.5840,0.0024,81532.0000
92.8848,43.5033,40446.2778,39619.7548,0.0209,39340.0000
137.5388,43.9522,95175.2408,94396.8842,0.0082,94199.0000
117.2872,2.6322,72521.1626,73385.8577,-0.0118,72676.0000
230.2753,-5.8806,104702.9468,106017.5655,-0.0124,104286.0000
115.2193,20.1724,77114.8042,77077.2679,0.0005,76670.0000
194.8103,3.4558,130929.7461,132550.2199,-0.0122,131385.0000
233.7123,39.3608,120303.9741,119531.2673,0.0065,117904.0000
210.2911,13.7939,143317.8489,143780.2878,-0.0032,142562.0000
131.3536,20.2111,100457.2478,100486.7552,-0.0003,99949.0000
256.4538,-2.4382,82487.6346,82987.5862,-0.0060,81395.0000
238.0893,28.8180,119490.2233,118940.7348,0.0046,117310.0000
242.9697,2.3316,104251.8586,104690.0636,-0.0042,103021.0000
117.1290,37.6450,74264.0952,74070.8041,0.0026,73471.0000
115.6170,-5.2458,64614.1925,65757.5012,-0.0174,64895.0000
282.0054,72.5118,47619.6825,45304.5393,0.0511,45153.0000
172.2987,38.1097,136979.7873,136724.3475,0.0019,136366.0000
152.2964,2.0803,111512.1505,112936.4126,-0.0126,112037.0000
191.1369,-9.0540,107606.4564,109635.2129,-0.0185,108376.0000
227.2129,12.2835,130124.9841,130164.6900,-0.0003,128694.0000
287.8140,0.1658,34653.4424,34768.6474,-0.0033,33666.0000
149.2944,4.5125,111936.4630,113099.9951,-0.0103,112285.0000
281.4353,56.5762,55949.2294,54744.8751,0.0220,53842.0000
95.1459,31.5484,48071.7504,47447.6637,0.0132,47156.0000
204.9260,1.7311,131683.1139,132753.4774,-0.0081,131599.0000
221.2328,27.9984,141524.2710,141248.0220,0.0020,139643.0000
111.9208,6.9988,67663.2732,68361.3396,-0.0102,67631.0000
119.0503,72.5794,41931.1429,39956.3651,0.0494,39967.0000
176.7567,-7.8051,108614.4111,110497.9235,-0.0170,109456.0000
290.0100,42.2511,51485.8842,50287.6710,0.0238,49286.0000
213.3808,46.0030,129174.1285,127815.0302,0.0106,126913.0000
283.1358,-5.5121,35153.8003,35492.5929,-0.0095,34302.0000
256.5027,1.4273,87419.8661,87627.3403,-0.0024,86086.0000
186.7480,15.6840,138077.6827,139294.7389,-0.0087,138573.0000
252.4460,56.0279,83618.7198,81868.9470,0.0214,81157.0000
93.6922,26.5344,47102.8291,46544.7074,0.0120,46242.0000
112.5928,35.6909,69286.9705,68997.2312,0.0042,68476.0000
261.6917,46.9659,85011.4105,83792.7777,0.0145,82803.0000
254.9411,51.5418,86987.1505,85532.8603,0.0170,84692.0000
138.1566,22.1227,109566.5962,109654.5145,-0.0008,109008.0000
199.8693,24.4657,146488.7604,146819.0883,-0.0022,146289.0000
215.4453,40.9839,141555.5852,140728.4116,0.0059,139246.0000
269.6220,7.5034,75398.0789,75315.5628,0.0011,73637.0000
214.8432,54.4416,100218.9263,97940.7578,0.0233,97682.0000
175.4023,-8.6057,106566.1957,108591.6363,-0.0187,107491.0000
167.4561,3.0107,122549.8089,124299.3482,-0.0141,123461.0000
178.1576,48.6600,106528.0217,104290.8431,0.0215,104933.0000
224.9497,12.6764,132982.5764,133159.0551,-0.0013,131643.0000
269.5706,-0.0315,66476.0139,66865.8256,-0.0058,65254.0000
183.9567,2.4132,126690.6220,128327.1493,-0.0128,127426.0000
141.3028,26.0734,113623.7616,113501.7279,0.0011,112987.0000
138.9891,53.5065,75500.5399,74102.3155,0.0189,74340.0000
244.4250,-5.2802,93973.9354,94867.8291,-0.0094,93125.0000
259.0297,-7.9573,70835.4886,71672.5505,-0.0117,70018.0000
111.7926,21.3306,72212.2293,72243.4058,-0.0004,71686.0000
103.7777,68.5931,36256.4051,34675.7281,0.0456,34628.0000
213.0478,8.5507,138405.0778,139131.8584,-0.0052,137725.0000
120.2579,69.1407,43030.9975,41254.6775,0.0431,41236.0000
260.7055,58.4154,75282.3260,73526.8782,0.0239,72903.0000
154.2393,8.8270,120267.9212,121304.6600,-0.0085,120573.0000
119.7815,50.3675,62459.0092,61528.9219,0.0151,61411.0000
280.6409,38.2225,66473.6197,65477.8318,0.0152,64246.0000
124.2651,24.6862,90608.3667,90593.3035,0.0002,89958.0000
148.9371,18.3570,120957.8771,121357.2755,-0.0033,120643.0000
121.7980,50.2178,65186.5860,64198.4248,0.0154,64123.0000
113.9064,47.9514,58741.6082,57900.3549,0.0145,57749.0000
94.3776,44.4930,41362.2549,40550.2508,0.0200,40271.0000
101.4668,78.4106,35567.5309,33274.3518,0.0689,33441.0000
126.1508,22.2820,93519.9999,93465.0173,0.0006,92884.0000
101.0501,49.3383,44582.8471,43649.3074,0.0214,43471.0000
212.3668,55.3612,96864.1475,94395.5082,0.0262,94300.0000
230.9079,4.0606,118690.0777,119218.8038,-0.0044,117673.0000
171.4815,-7.1836,107811.4467,109844.8728,-0.0185,108780.0000
155.8242,17.0944,128031.8852,128768.6593,-0.0057,128025.0000
194.4369,54.6981,92764.3851,89578.9626,0.0356,90274.0000
271.1260,9.2270,74470.2391,74251.0456,0.0030,72658.0000
266.1842,39.4242,84055.0385,83046.8725,0.0121,81924.0000
98.9993,-9.5065,38953.6607,40021.0797,-0.0267,39110.0000
127.5702,13.7034,93306.1251,93699.5374,-0.0042,93112.0000
139.0062,32.5097,109754.0457,109391.7807,0.0033,108984.0000
141.6232,-1.3605,98039.6370,99334.9343,-0.0130,98514.0000
208.2452,59.5622,87724.1191,84749.3262,0.0351,84986.0000
176.1663,0.3948,122363.3856,124006.5166,-0.0133,123184.0000
100.1956,61.3320,37015.9558,35665.5991,0.0379,35620.0000
167.3381,4.3783,124388.0313,126046.9458,-0.0132,125299.0000
198.4169,77.1659,69030.3868,65333.1649,0.0566,66071.0000
111.0461,31.6685,69474.5008,69247.5626,0.0033,68712.0000
262.5259,-4.3706,71421.9076,72089.4895,-0.0093,70420.0000
100.7561,-5.6375,44643.6931,45673.2143,-0.0225,44717.0000
281.4423,-4.9964,38423.6961,38691.1713,-0.0069,37508.0000
110.5164,30.5201,69358.9444,69143.8866,0.0031,68607.0000
264.6200,49.6089,79832.5628,78470.1996,0.0174,77616.0000
276.8492,16.9708,70125.9104,69547.5778,0.0083,68129.0000
292.7711,19.8927,46620.7444,45754.0453,0.0189,44595.0000
256.0194,30.4736,98149.8417,97412.4647,0.0076,95953.0000
251.3519,26.2418,104484.8467,103818.9675,0.0064,102316.0000
222.9940,38.4077,134091.2049,133408.4242,0.0051,131822.0000
251.2522,21.8016,104035.9100,103614.1600,0.0041,101981.0000
117.8523,40.6214,72207.8392,71850.2208,0.0050,71336.0000
200.9661,78.1032,68098.0990,64424.5642,0.0570,65163.0000
196.4441,13.3584,140394.8661,141299.0535,-0.0064,140600.0000
267.5174,-9.1800,56464.9920,57163.4885,-0.0122,55614.0000
185.7995,-1.6341,122006.4286,123686.5186,-0.0136,122794.0000
169.7135,27.7629,145954.4513,146395.7879,-0.0030,145879.0000
222.3896,12.9479,135673.7871,136096.4536,-0.0031,134455.0000
145.1579,65.8238,60275.6193,58140.1709,0.0367,58341.0000
118.9321,33.4511,80392.7402,80204.3062,0.0023,79701.0000
188.9206,25.3093,141945.5225,142733.8799,-0.0055,142045.0000
176.2961,48.4440,106888.3113,104707.0517,0.0208,105342.0000
138.1420,7.1862,102323.4434,103211.8073,-0.0086,102489.0000
166.0749,50.6580,96838.9829,94833.3830,0.0211,95495.0000
165.8432,-9.7943,100870.1122,103296.5807,-0.0235,101965.0000
157.7916,32.8369,133526.3948,133404.8513,0.0009,132874.0000
168.5491,64.9927,74169.0945,70994.9570,0.0447,71528.0000
231.9489,47.4381,113708.7995,112342.1484,0.0122,111218.0000
151.4534,54.3443,80498.2725,78760.5486,0.0221,79255.0000
286.4136,16.5555,55163.9702,54307.9385,0.0158,53202.0000
279.6840,51.1303,61239.4814,59952.1945,0.0215,59066.0000
189.5485,27.5624,142617.6429,143120.2339,-0.0035,142634.0000
157.9708,32.7474,133811.9835,133681.1112,0.0010,133163.0000
200.8350,-6.0609,115952.6744,117584.0727,-0.0139,116509.0000
265.6520,3.3939,76797.3067,77026.9102,-0.0030,75330.0000
225.0856,27.5723,136478.2668,136175.0566,0.0022,134546.0000
256.5091,-6.0685,77134.8880,77951.8702,-0.0105,76250.0000
200.2735,43.0728,131863.8277,130651.1507,0.0093,130542.0000
221.0139,52.8302,105116.0126,103013.1992,0.0204,102529.0000
149.6482,62.8260,66422.0838,64216.1458,0.0344,64564.0000
242.1229,-3.2147,99058.3170,99828.8739,-0.0077,98145.0000
131.8978,65.7815,52466.0851,50528.8277,0.0383,50697.0000
233.8232,-5.4817,102772.5819,103884.0717,-0.0107,102203.0000
268.1688,21.9636,82857.0059,82293.3320,0.0068,80772.0000
117.3453,52.8515,56875.4021,55869.1077,0.0180,55759.0000
217.1766,-5.3028,114780.4905,116096.7703,-0.0113,114571.0000
109.6848,-8.7768,53601.8194,54877.7150,-0.0232,53889.0000
240.2231,-8.3272,92222.9609,93405.3431,-0.0127,91646.0000
107.4901,24.6459,66334.3558,66355.8564,-0.0003,65732.0000
283.7395,49.8154,56588.2326,55350.9831,0.0224,54432.0000
118.4434,-1.5148,71561.8527,72473.8426,-0.0126,71782.0000
288.4882,-1.7013,31426.2904,31580.8469,-0.0049,30524.0000
255.7830,28.8933,98766.3914,98058.6184,0.0072,96593.0000
212.8922,5.5680,134907.0071,135832.7440,-0.0068,134369.0000
252.0032,42.0632,97588.7124,96479.3426,0.0115,95384.0000
254.5888,67.4346,72999.6646,70562.4938,0.0345,70343.0000
285.8276,45.3433,55766.0252,54689.4004,0.0197,53603.0000
142.4504,57.1117,70691.8699,69239.9889,0.0210,69379.0000
212.1457,25.2530,149115.8971,149163.3261,-0.0003,147731.0000
109.6752,51.9906,50268.3241,49243.3741,0.0208,49129.0000
217.5463,2.1580,128508.3177,129303.2935,-0.0061,127912.0000
125.4573,-5.4333,76283.1396,77294.1339,-0.0131,76614.0000
206.9448,35.7435,147234.8531,146768.0873,0.0032,146045.0000
208.4931,-6.5245,115708.7510,117272.9674,-0.0133,115887.0000
186.4589,59.0274,84640.8769,81076.0066,0.0440,81909.0000
198.1848,38.7033,141478.9050,140834.0198,0.0046,140429.0000
248.1321,67.8813,75524.7058,73059.7832,0.0337,72767.0000
255.4437,10.8931,96165.6386,95926.9363,0.0025,94354.0000
191.8757,22.8300,141551.5523,142512.1761,-0.0067,141746.0000
214.1158,43.0949,138290.9202,137174.7030,0.0081,135988.0000
282.7659,6.1325,50987.9574,50653.7206,0.0066,49541.0000
114.7849,26.8937,76608.8026,76434.1352,0.0023,75923.0000
114.2404,36.0307,71503.6096,71281.3367,0.0031,70685.0000
108.1558,73.1655,38017.7198,36059.7751,0.0543,36162.0000
226.1777,43.3686,124450.1170,123532.2596,0.0074,121989.0000
176.6519,-2.1304,118686.6278,120348.7643,-0.0138,119509.0000
250.2845,22.0548,105177.9400,104733.0996,0.0042,103131.0000
228.9449,30.4339,130724.6920,130299.9170,0.0033,128606.0000
159.0630,-0.2440,113185.4735,115074.1336,-0.0164,113980.0000
275.9619,18.9893,72303.1913,71695.2529,0.0085,70240.0000
247.8442,8.8853,103710.3438,103760.0124,-0.0005,102143.0000
146.0007,-2.0843,100432.1366,101964.6741,-0.0150,101044.0000
165.3877,24.7022,142374.5588,142867.9638,-0.0035,142218.0000
155.0891,1.0144,111820.5085,113493.9065,-0.0147,112503.0000
122.6256,30.5696,86993.1360,86877.6525,0.0013,86288.0000
120.5912,1.2834,75872.7442,76688.1251,-0.0106,76008.0000
283.7784,41.4758,60596.2661,59492.8292,0.0185,58385.0000
180.6461,2.9755,127109.5370,128541.5078,-0.0111,127835.0000
169.3472,59.5202,80028.2964,77176.7978,0.0369,77717.0000
241.0449,-8.2429,91634.7579,92813.5883,-0.0127,91042.0000
204.4696,25.4296,148003.2441,148124.8115,-0.0008,147456.0000
283.7810,11.3126,55630.7228,54925.9672,0.0128,53858.0000
251.5224,4.9552,96697.2097,96833.9628,-0.0014,95199.0000
189.2295,21.7886,140369.6896,141400.3666,-0.0073,140622.0000
167.9064,53.0458,90630.0599,88283.5760,0.0266,88979.0000
294.2327,62.0980,42151.5769,40417.8288,0.0429,39984.0000
238.5764,10.1769,114785.3619,114825.9243,-0.0004,113285.0000
286.8973,0.2604,36246.4088,36344.2836,-0.0027,35243.0000
114.5251,41.1713,66758.3630,66395.0081,0.0055,65902.0000
266.0605,29.9154,85331.5926,84509.5029,0.0097,83199.0000
221.8743,3.3584,127188.5352,128069.1490,-0.0069,126492.0000
115.2378,44.8055,63575.3734,63008.4051,0.0090,62688.0000
211.7694,25.2051,149268.2176,149322.5768,-0.0004,147937.0000
232.0219,35.5352,125012.8159,124366.0750,0.0052,122615.0000
92.5467,13.9743,43689.9284,43646.4281,0.0010,43265.0000
184.0438,19.4893,139908.9431,141095.6250,-0.0084,140397.0000
260.8577,1.9884,81941.8396,82072.6809,-0.0016,80557.0000
151.1393,44.4540,107592.7626,106945.5994,0.0061,106649.0000
184.9195,0.4437,124464.5568,126118.6735,-0.0131,125215.0000
181.5590,46.5109,113794.8011,111682.6701,0.0189,112372.0000
152.4990,48.4408,97062.0699,95963.3944,0.0114,96045.0000
280.1175,43.5416,65061.3288,63885.5338,0.0184,62843.0000
251.7279,-8.6970,79108.4672,80181.5019,-0.0134,78422.0000
112.8918,8.1576,69436.1532,70057.1431,-0.0089,69406.0000
296.3862,21.5560,41459.2090,40611.7262,0.0209,39528.0000
271.9944,30.9553,77952.5063,77224.0839,0.0094,75868.0000
148.7690,62.6612,66142.4910,63965.3494,0.0340,64284.0000
263.2376,15.0867,87668.4242,87272.0252,0.0045,85743.0000
112.0288,56.8503,47690.6595,46560.3765,0.0243,46445.0000
227.7967,14.7904,130794.1293,130715.2597,0.0006,129261.0000
224.5759,-6.5026,107550.1484,109033.7211,-0.0136,107320.0000
108.7212,43.1673,57436.4366,56752.1981,0.0121,56490.0000
275.6859,0.0228,55551.2779,55785.4168,-0.0042,54419.0000
96.0029,7.0815,46286.8461,46630.3690,-0.0074,45999.0000
139.8514,46.2165,92538.4704,91715.6547,0.0090,91524.0000
119.6055,26.3656,83767.9650,83751.2255,0.0002,83131.0000
250.7910,-9.0622,79514.8467,80657.6165,-0.0142,78865.0000
131.0283,-9.8498,77137.5532,78697.0937,-0.0198,77729.0000
278.5021,24.6016,70363.6609,69689.9560,0.0097,68245.0000
225.8477,10.2917,130061.4905,130240.1585,-0.0014,128806.0000
97.4857,1.9863,45972.0975,46582.6987,-0.0131,45820.0000
91.1240,32.3590,42908.2170,42181.3453,0.0172,41915.0000
100.6932,5.1785,51427.8010,52064.8622,-0.0122,51267.0000
215.4265,30.6981,146961.1054,146875.2536,0.0006,145190.0000
255.9067,15.3377,96897.8027,96586.5408,0.0032,95037.0000
139.3804,2.4126,100158.8339,101205.1899,-0.0103,100477.0000
265.8276,-0.8079,71388.4433,71927.7425,-0.0075,70235.0000
101.8470,5.7387,53297.3292,53814.1279,-0.0096,53114.0000
255.7995,-8.0006,74850.4327,75855.9073,-0.0133,74094.0000
282.0537,10.5051,57699.0802,57077.8264,0.0109,55932.0000
249.8264,60.2684,81499.5560,79477.8512,0.0254,78855.0000
234.5110,51.8878,103004.1496,100974.2292,0.0201,100425.0000
263.4619,14.8399,87358.3865,86938.9820,0.0048,85429.0000
98.3113,29.4457,52981.9871,52464.6130,0.0099,52166.0000
131.7689,28.8036,101223.8786,101014.0101,0.0021,100463.0000
115.8592,51.6072,56675.8138,55751.6100,0.0166,55597.0000
194.4379,5.7007,132835.0151,134396.1680,-0.0116,133234.0000
244.2539,9.7158,108608.7565,108640.5708,-0.0003,107005.0000
220.4125,10.0785,135519.5547,135996.9576,-0.0035,134555.0000
266.1841,-7.2635,61523.6830,62236.4354,-0.0115,60613.0000
122.1291,10.9471,82999.5788,83345.4298,-0.0041,82934.0000
242.0666,57.2018,89609.1135,87416.7880,0.0251,86900.0000
129.9596,61.6362,56785.1453,55167.7521,0.0293,55285.0000
146.0471,-2.6933,99521.2183,101114.5111,-0.0158,100157.0000
236.9503,20.8263,121241.8573,120824.7791,0.0035,119323.0000
292.9024,15.4808,43451.7195,42817.4069,0.0148,41626.0000
216.5895,23.0601,145356.6158,145399.0884,-0.0003,143831.0000
101.2816,27.8531,57206.3109,56931.6000,0.0048,56431.0000
217.5760,-8.6411,106489.8688,108142.0503,-0.0153,106544.0000
98.7666,53.0703,40195.9073,39162.0944,0.0264,38978.0000
273.0182,72.0270,54511.2251,52351.0597,0.0413,51993.0000
236.8827,35.5360,118192.5368,117570.4539,0.0053,115909.0000
125.8375,36.1113,88886.6608,88532.4759,0.0040,88039.0000
108.9862,25.8689,68357.7580,68364.4109,-0.0001,67718.0000
127.9914,12.2706,93196.4228,93672.5504,-0.0051,93088.0000
292.8656,-0.0881,26527.6665,26561.1885,-0.0013,25624.0000
184.9221,30.0732,141282.6954,141681.2900,-0.0028,141310.0000
252.3048,-6.9919,81498.9985,82360.6046,-0.0105,80673.0000
221.7365,51.1581,109678.3124,107834.1444,0.0171,107123.0000
208.4895,18.2172,146596.2741,146984.5508,-0.0026,145821.0000
120.0420,17.7887,83566.1844,83738.9836,-0.0021,83222.0000
285.8271,11.7899,52402.6336,51741.1846,0.0128,50630.0000
152.3779,71.1243,60804.6068,57875.1479,0.0506,58275.0000
209.6496,1.6291,131245.9259,132240.2035,-0.0075,130957.0000
234.8536,0.0661,109678.4109,110439.4361,-0.0069,108801.0000
224.3913,1.0077,121419.1655,122453.0575,-0.0084,120833.0000
284.7030,35.9538,61035.7872,60030.3733,0.0167,58762.0000
120.7269,76.4740,42055.6922,39723.7790,0.0587,39881.0000
195.2290,5.6465,133364.9842,134740.0359,-0.0102,133733.0000
173.6351,60.7609,80102.0444,76980.9283,0.0405,77492.0000
188.1529,8.5244,134652.7204,136131.5441,-0.0109,135233.0000
114.6780,35.0895,72942.1791,72732.3547,0.0029,72148.0000
117.7576,-7.2882,64945.2555,66230.1323,-0.0194,65305.0000
147.5616,23.5137,120987.1120,121042.0738,-0.0005,120453.0000
153.0739,35.6308,125719.6142,125451.7733,0.0021,125017.0000
178.5760,26.4841,142440.3574,142937.7495,-0.0035,142779.0000
216.4744,5.8035,133704.8733,134643.9911,-0.0070,133077.0000
221.3682,51.5816,108592.3517,106640.1413,0.0183,106012.0000
175.2449,71.2851,70751.0173,67216.8726,0.0526,67848.0000
174.6181,20.9069,141641.9133,142717.3655,-0.0075,142272.0000
135.0491,34.1259,103895.0590,103522.2999,0.0036,103106.0000
211.7794,47.6886,123001.8353,121428.5227,0.0130,120811.0000
155.6275,6.0467,118885.5281,120214.3981,-0.0111,119344.0000
97.4644,55.5915,37791.0803,36656.1612,0.0310,36549.0000
176.6088,8.6305,131615.0664,133174.8568,-0.0117,132501.0000
188.1455,46.2737,116133.1354,114016.9022,0.0186,114733.0000
136.6977,-2.5300,92126.7046,93525.4363,-0.0150,92629.0000
208.4988,9.1789,139947.4426,140622.2489,-0.0048,139422.0000
207.1148,26.2846,148809.5656,148946.4544,-0.0009,147900.0000
235.3145,25.6442,122845.3604,122350.7460,0.0040,120842.0000
224.1253,53.9822,101805.7073,99637.7287,0.0218,99173.0000
225.0536,77.7290,69097.0259,65618.9874,0.0530,66321.0000
155.4563,-2.8539,106315.9898,108286.9589,-0.0182,107160.0000
252.9985,8.0409,97173.7364,97150.1453,0.0002,95526.0000
203.6729,13.8556,143652.8779,144304.0085,-0.0045,143384.0000
179.3036,22.3110,141488.6547,142396.4429,-0.0064,142018.0000
219.5846,23.3879,142990.8672,143140.3723,-0.0010,141321.0000
164.6561,54.6361,85543.7941,83219.0543,0.0279,83875.0000
196.1370,45.7712,119466.5387,118090.1153,0.0117,118061.0000
242.4981,-8.7353,89168.6480,90479.4881,-0.0145,88583.0000
