cfg,M,seed,rms,pred,nmeas
R1_10m,1.0,0,7.277732099679903,2.39775495826581,108
R1_10m,1.0,1,3.7787908922096363,2.400591700774797,108
R1_10m,1.0,2,3.497637432130093,2.402637693464509,108
R1_10m,3300.0,0,8.25181572952973,2.4954418128472136,108
R1_10m,3300.0,1,3.767584390903713,2.4981318313435064,108
R1_10m,3300.0,2,2.1188061005851275,2.50001667755015,108
R2_5m,1.0,0,18.722844344490042,7.559206662119459,108
R2_5m,1.0,1,11.56377517003362,7.5690658345052615,108
R2_5m,1.0,2,6.8931711295096765,7.570938766064483,108
R2_5m,3300.0,0,19.50696504646586,7.594821245091153,108
R2_5m,3300.0,1,11.149143511304244,7.604636742662827,108
R2_5m,3300.0,2,5.7374745016230015,7.606468384050557,108
R3_3m,1.0,0,30.70548428267166,18.149566775373696,108
R3_3m,1.0,1,27.976650801051395,18.154803598796473,108
R3_3m,1.0,2,18.579022188179458,18.152937005626384,108
