M,sigma,seed,rms,pred,nmeas
1.0,3e-07,0,0.29247991003708873,0.13564591421860042,648
1.0,3e-07,1,0.19418014337578268,0.13564393185474027,648
1.0,3e-07,2,0.21372942152352686,0.1356341702463451,648
1.0,1e-06,0,1.0556260524655372,0.4454378915583697,648
1.0,1e-06,1,0.773346742946511,0.44543156632652836,648
1.0,1e-06,2,0.8065701261698847,0.44539766662408636,648
1.0,3e-06,0,3.2760725019903045,1.332575017723925,648
1.0,3e-06,1,2.360799083880999,1.3325609348202683,648
1.0,3e-06,2,2.4559414797855164,1.3324562261571888,648
1.0,1e-05,0,10.92059219578334,4.377786143778335,648
1.0,1e-05,1,7.0999604732972665,4.377809877935569,648
1.0,1e-05,2,7.362516621161684,4.377503316479048,648
10.0,3e-07,0,0.2899313741854554,0.1356647350833368,648
10.0,3e-07,1,0.19578655855477015,0.1356627479311969,648
10.0,3e-07,2,0.20644184312680697,0.1356529717844118,648
10.0,1e-06,0,1.0530543697648427,0.44544349478643874,648
10.0,1e-06,1,0.7750062181508712,0.4454372052328036,648
10.0,1e-06,2,0.7992567990820393,0.44540330316914856,648
10.0,3e-06,0,3.2735029718198647,1.3325770133081696,648
10.0,3e-06,1,2.362453647607491,1.3325627844055692,648
10.0,3e-06,2,2.4486355089239473,1.3324580650732663,648
10.0,1e-05,0,10.91809271168707,4.377786290652152,648
10.0,1e-05,1,7.1015702830349765,4.377811246006122,648
10.0,1e-05,2,7.3554269002783,4.377504393144275,648
100.0,3e-07,0,0.26551183193389966,0.13743360853359457,648
100.0,3e-07,1,0.2128812730162198,0.13743151439782744,648
100.0,3e-07,2,0.14627395614435984,0.13742182205947853,648
100.0,1e-06,0,1.0272912440522586,0.4460004383716536,648
100.0,1e-06,1,0.7920605234528937,0.4459940566517984,648
100.0,1e-06,2,0.7285618959850247,0.4459601684271422,648
100.0,3e-06,0,3.2477383080151867,1.3327636456086642,648
100.0,3e-06,1,2.3791705900206943,1.3327495007119714,648
100.0,3e-06,2,2.3762914618749225,1.3326448419321362,648
100.0,1e-05,0,10.89303187097344,4.3778430709003855,648
100.0,1e-05,1,7.117699388611756,4.377866768198112,648
100.0,1e-05,2,7.284776930833484,4.377560515435431,648
1000.0,3e-07,0,0.19431112368173803,0.1682166543754311,648
1000.0,3e-07,1,0.3170587570156066,0.1682132536661854,648
1000.0,3e-07,2,0.10877645027259385,0.16820476363711123,648
1000.0,1e-06,0,0.8327512329694,0.4819935573678566,648
1000.0,1e-06,1,0.9409136789348451,0.48198504477044674,648
1000.0,1e-06,2,0.3766702994272842,0.4819527538387929,648
1000.0,3e-06,0,2.9976191820794202,1.3502607708238221,648
1000.0,3e-06,1,2.550263229818137,1.3502449019335325,648
1000.0,3e-06,2,1.7595799985043465,1.350140989777835,648
1000.0,1e-05,0,10.641860549013922,4.383469361004479,648
1000.0,1e-05,1,7.284305299678927,4.38349108012396,648
1000.0,1e-05,2,6.605951855860993,4.38318386503109,648
3300.0,3e-07,0,0.195929279732843,0.1780405645920134,648
3300.0,3e-07,1,0.35412991640921615,0.1780368541051327,648
3300.0,3e-07,2,0.2186864594342468,0.17802902676909502,648
3300.0,1e-06,0,0.7151592550523499,0.5502189005746136,648
3300.0,1e-06,1,1.1584091123724096,0.5502067534160672,648
3300.0,1e-06,2,0.40222073452059004,0.5501778524848792,648
3300.0,3e-06,0,2.5608131059058152,1.4565707698477373,648
3300.0,3e-06,1,2.9003081643328508,1.456544856376309,648
3300.0,3e-06,2,1.1159220641398337,1.4564486037387616,648
3300.0,1e-05,0,10.026146944727579,4.436217132438864,648
3300.0,1e-05,1,7.718701147537264,4.436225077127262,648
3300.0,1e-05,2,5.189451164840988,4.435924357615777,648
