psr,obsid,mjd_mid,exp_s,n_phot,dphi,sigma_dphi,gain,htest,P0_s
J0218+4232,1070030249,58318.056761388885,2274.0,836,0.48361234234591877,0.025076141183718727,6.142550269528354,11.276276697232769326,0.0023230904954922595
J0218+4232,1070030249,58318.12113060185,2267.0,938,0.5011714047034814,0.024168578957050442,9.618744589601386,26.820177208282807813,0.0023230904954922595
J0218+4232,1070030249,58318.18561555556,2240.0,1068,0.9994248732364943,0.01784256192374948,9.456230658134263,20.549713596956766444,0.0023230904954922595
J0218+4232,1070030249,58318.24980537037,2262.0,1381,0.49461272076357166,0.016631905278226444,7.039616977964751,12.986689711973202436,0.0023230904954922595
J0218+4232,1070030249,58318.56566763889,1193.0,719,0.7394429742129448,0.025162436678114825,-0.8507360760479757,1.5179613902231519755,0.0023230904954922595
J0218+4232,1070030249,58318.64419773148,800.7507335841656,216,0.5167859117048594,0.02905253129579239,1.97833835414561,0.5629998321087162222,0.0023230904954922595
J0218+4232,1070030273,58362.03870583333,888.0,414,0.5172750685227093,0.027347612214516637,2.4747259724687787,4.877597598472739178,0.0023230904954922595
J0218+4232,1070030273,58362.103387546296,753.0,364,0.5129409084959238,0.02089982678099403,3.2538902291450595,4.018780963662691449,0.0023230904954922595
J0218+4232,1070030273,58362.16774518519,752.0,366,0.005408758414567697,0.02812943633833638,1.950536680321776,1.0185397744160959053,0.0023230904954922595
J0218+4232,1070030273,58362.23209125,751.0,331,0.9875610781713665,0.028497266180743597,1.656961977306962,3.9371143242557950538,0.0023230904954922595
J0218+4232,1070030273,58362.29642574074,752.0,387,0.46251563211388913,0.03263477532989208,0.7294993798096447,7.7004225812999997206,0.0023230904954922595
J0218+4232,1070030273,58362.360083148145,874.0,432,0.05850452139965318,0.028446628470316076,0.7189691794981484,5.835140789288958879,0.0023230904954922595
J0218+4232,1070030273,58362.424440787036,871.0,549,0.47930693914963995,0.019144130475405412,1.651963912961645,1.6649039501687542865,0.0023230904954922595
J0218+4232,1070030273,58362.48882157407,868.0,798,0.5363111663956978,0.02794659894561643,2.44279336932106,3.4943130284083721634,0.0023230904954922595
J0218+4232,1070030273,58362.55330074074,848.0,735,0.5522750319238959,0.019054863280285647,4.483841455146513,11.427064734252562981,0.0023230904954922595
J0218+4232,1070030273,58362.6182949537,734.0,1300,0.8634167550260279,0.016381782435503676,1.8803381540055764,5.6352061413476154123,0.0023230904954922595
J0218+4232,1070030273,58362.682606296294,708.0,1322,0.5699773811938741,0.01759899995193516,2.8339554494393138,8.044578861656425393,0.0023230904954922595
J0218+4232,1070030273,58362.7468250463,703.0,719,0.2459113843917106,0.0404835074512058,-0.32344401424698754,5.5540201756245820273,0.0023230904954922595
J0218+4232,1070030273,58362.81111324074,686.0,347,0.6181207047440482,0.03845799209315636,1.4442900776557328,6.302615566021117566,0.0023230904954922595
J0218+4232,1070030273,58362.87536092592,672.0,292,0.4768691967586721,0.026617632723510323,2.216616783729315,2.103497366917696395,0.0023230904954922595
J0218+4232,1070030273,58362.938879444446,784.0,320,0.5243166010221627,0.0249502888133604,1.8822905739812366,1.335639278424440093,0.0023230904954922595
J0218+4232,1070030338,58498.05553453704,1146.0,669,0.5803328530941726,0.020099433339916303,4.382216915843638,6.5452860380923148596,0.0023230904954922595
J0218+4232,1070030338,58498.113601666664,2234.0,1119,0.5552129214971385,0.01663886271313567,5.183573944957825,4.7867935652274233973,0.0023230904954922595
J0218+4232,1070030338,58498.24228222222,2238.0,1561,0.4891342451801969,0.017978555883480886,8.285072216217742,13.012081717179231292,0.0023230904954922595
J0218+4232,1070030338,58498.30661671296,2239.0,1666,0.5208141231221497,0.014889016539687359,1.9257331678019103,8.688368507467656623,0.0023230904954922595
J0218+4232,1070030338,58498.49963175926,2242.0,1228,0.748529922281315,0.03004427905401613,-1.5043296645008244,2.1956907011640311664,0.0023230904954922595
J0218+4232,1070030338,58498.563966249996,2241.0,1215,0.4857114459645392,0.019127885888515803,6.912307764037574,9.281266867495813796,0.0023230904954922595
J0218+4232,1070030338,58498.82673824074,1312.0,795,0.5334206651060256,0.023196485225058808,3.2598623375831726,4.849144256138053388,0.0023230904954922595
J0218+4232,2070030311,58571.01889101852,2022.2912001013756,1690,0.5090212974533567,0.01917947115471816,6.180258038401899,13.562060288165317506,0.0023230904954922595
J0218+4232,2070030311,58571.08328337963,1961.7148871719837,2124,0.03730331382789247,0.017541058049493997,3.2343777071430044,4.7779216590221930223,0.0023230904954922595
J0218+4232,2070030311,58571.15268731481,1386.0,1690,0.49530634298987414,0.01671241463874657,3.9982128167372495,8.228640460369294321,0.0023230904954922595
J0218+4232,2070030311,58571.21705652778,1390.6715679168701,978,0.5156172387255553,0.016947833704519622,6.888816811103621,16.714648641079698287,0.0023230904954922595
J0218+4232,2070030311,58571.480343564814,407.0,309,0.07291743225375938,0.025627374629760585,1.2968902169798011,0.27614461298508244077,0.0023230904954922595
J0218+4232,2070030311,58571.538896805556,1390.3915216624737,652,0.005253430964131262,0.016885088829207494,4.250552704072177,6.7880376936628090308,0.0023230904954922595
J0218+4232,2070030311,58571.731101666664,1542.7944903373718,712,0.0065697448257956365,0.022706391893618623,-0.19889320745048994,0.4599852182510927787,0.0023230904954922595
J0218+4232,2070030311,58571.79159935185,1745.5269046127796,773,0.5372266486522682,0.018606213693448757,5.799812967146419,10.12166159588124186,0.0023230904954922595
J0218+4232,2070030311,58571.85599171296,1949.740712583065,868,0.5745544806130956,0.0225461045946417,1.8480721779219162,2.3875168108647358976,0.0023230904954922595
J0218+4232,2070030311,58571.920384074074,1948.1284200251102,1092,0.5399688578350312,0.022736421057077717,1.0064509232820338,0.109582791667014253,0.0023230904954922595
J0218+4232,2070030332,58707.03000791666,1246.0,379,0.5092014731280752,0.024490824088270607,4.686372403371881,9.35158254687890581,0.0023230904954922595
J0218+4232,2070030332,58707.16023361111,1092.0,295,0.055236955749057966,0.027202470760548925,3.7329370111424756,7.207550968769013699,0.0023230904954922595
J0218+4232,2070030332,58707.35365953704,966.0,255,0.5186572621170049,0.030392199857744932,2.6929689264404786,4.0487042287385971735,0.0023230904954922595
J0218+4232,2070030332,58707.41941185185,730.0,223,0.5830718573132138,0.03706876809812838,3.0239866815256775,9.130805573412395664,0.0023230904954922595
J0218+4232,2070030332,58707.61271625,729.0,200,0.4870371437140144,0.027962674306610914,3.51688022393143,9.383526544440255473,0.0023230904954922595
J0218+4232,2070030332,58707.677293796296,724.0,232,0.3857084281243846,0.03078256985768796,0.5630428902221647,0.88622633672313442296,0.0023230904954922595
J0218+4232,2070030332,58707.743566944446,398.0,128,0.5203117510087586,0.03308114681103841,0.488905458252461,1.6366920999042542969,0.0023230904954922595
J0218+4232,2070030332,58707.80802875,414.0,130,0.5402857900606682,0.03051847432204513,1.1983397746614177,4.0573201855782124775,0.0023230904954922595
J0218+4232,2070030332,58707.87249634259,397.0,100,0.699119448832059,0.03191299080524498,1.8940556967231068,6.2701233482183829073,0.0023230904954922595
J0218+4232,2070030332,58707.935164166665,730.0,196,0.520188564815283,0.03461903011362622,3.421843235481941,6.5661521241535922896,0.0023230904954922595
J0218+4232,2070030359,58785.61747319444,947.0,464,0.04405187390192404,0.039554506401001034,0.73983979224857,0.099075794707363283196,0.0023230904954922595
J0218+4232,2070030359,58785.68314449074,852.0,536,0.06904504616066762,0.021840517022647547,3.067896190184413,2.0249440542563210636,0.0023230904954922595
J0218+4232,2070030359,58785.747617870366,1207.0,715,0.4033519072492571,0.024792767011944997,3.2513988434851475,6.415964021889420851,0.0023230904954922595
J0218+4232,2070030359,58785.81216069444,1199.0,564,0.6370120141067437,0.02804822555385954,0.6618376881844235,1.0590357431430746185,0.0023230904954922595
J0218+4232,2070030359,58785.876691944446,1194.0,596,0.5196228081664825,0.02612770619203929,2.445549316790956,3.3041652990813890174,0.0023230904954922595
J0218+4232,2070030359,58785.941119027775,1209.0,535,0.05865562080340763,0.02882260463350086,2.7324141110393123,3.15074798419791147,0.0023230904954922595
J0218+4232,2070030384,58853.05581810185,1613.0,1250,0.6182732351266261,0.04717438320794175,2.0005472125700887,6.8177772872227525415,0.0023230904954922595
J0218+4232,2070030384,58853.11599171296,1834.0,1457,0.04613443652811607,0.01657406888519589,2.126711850106283,3.3655671330845012001,0.0023230904954922595
J0218+4232,2070030384,58853.18059240741,2328.0,1939,0.08037818130422446,0.013411702047679386,3.079958916984232,2.409272211461865707,0.0023230904954922595
J0218+4232,2070030384,58853.244932685186,2332.0,2255,0.5463491802230817,0.02107596669796426,3.1197099706244487,6.338257138841515442,0.0023230904954922595
J0218+4232,2070030392,58867.044417638885,725.0,235,0.052019346487297724,0.020311176495823046,4.0560706463626754,8.116171631622922327,0.0023230904954922595
J0218+4232,2070030392,58867.11773939815,2082.0,1028,0.054886779681042844,0.014048752327179134,9.405353106545816,18.172942772928756854,0.0023230904954922595
J0218+4232,2070030392,58867.18218962963,2071.0,1022,0.5714049458685384,0.020612285388978312,3.209915021785159,2.7330123502820906573,0.0023230904954922595
J0218+4232,2070030392,58867.2470449537,2001.0,1067,0.5494332402709634,0.023718369808469312,1.2715105887221447,6.945161124776376668,0.0023230904954922595
J0218+4232,2070030392,58867.31133314814,2083.0,1071,0.5453105735712223,0.031122377575666774,4.802416779179402,7.2940379632977004522,0.0023230904954922595
J0218+4232,2070030392,58867.37597435185,1953.0,1007,0.5263425116399315,0.03103231734408358,2.9195782369661405,4.200201518680682794,0.0023230904954922595
J0218+4232,2070030392,58867.562600509256,525.0,147,0.12628506406634293,0.05669496923358474,0.7547936257614047,0.28315779387813542318,0.0023230904954922595
J0218+4232,2070030392,58867.62658199074,623.0,161,0.9934344309672287,0.04793195400744435,2.4642205632530794,7.783303161763280978,0.0023230904954922595
J0218+4232,2070030402,58897.57994425926,2202.0,1240,0.6151722667689661,0.02191908664167203,2.30597971970858,3.0406189354361502055,0.0023230904954922595
J0218+4232,2070030402,58897.64336439814,2099.0,1582,0.5220721121381171,0.016814232999856522,2.0048599155687614,0.41682120341910449822,0.0023230904954922595
J0218+4232,2070030402,58897.70670351852,1568.0,1231,0.11686883927991379,0.01666761903274587,2.3260074239072313,1.6648054084710943649,0.0023230904954922595
J0218+4232,2070030402,58897.770835462965,1498.0,1084,0.6349790874263944,0.029076654829090106,0.7372573077725408,4.6073294027787145056,0.0023230904954922595
J0218+4232,3070030407,58936.14886208333,334.0,267,0.6419703316750706,0.0366439152205513,1.262324631669374,0.609760111482843824,0.0023230904954922595
J0218+4232,3070030407,58936.3426062963,368.0,199,0.5648817614235531,0.04704452592802384,0.830343564256303,2.2861588983207898138,0.0023230904954922595
J0218+4232,3070030407,58936.40718384259,375.0,197,0.6331890517584682,0.057952925320901134,0.9303618208149335,0.50993060426561016385,0.0023230904954922595
J0218+4232,3070030407,58936.47175560185,375.0,170,0.5614229680114474,0.03198260552019158,2.8868346233991122,7.0122481785245995393,0.0023230904954922595
