psr,obsid,mjd
B1821-24,1070010229,58300.018
B1821-24,1070010230,58301.05
B1821-24,1070010231,58302.328
B1821-24,1070010232,58303.032
B1821-24,1070010233,58304.062
B1821-24,1070010234,58305.152
B1821-24,1070010235,58307.162
B1821-24,1070010237,58309.011
B1821-24,1070010238,58310.13
B1821-24,1070010239,58311.143
B1821-24,1070010240,58313.644
B1821-24,1070010241,58314.546
B1821-24,1070010242,58315.064
B1821-24,1070010244,58317.574
B1821-24,1070010245,58318.029
B1821-24,1070010246,58326.216
B1821-24,1070010247,58327.246
B1821-24,1070010249,58329.949
B1821-24,1070010250,58330.592
B1821-24,1070010251,58332.588
B1821-24,1070010253,58334.081
B1821-24,1070010254,58335.028
B1821-24,1070010255,58338.118
B1821-24,1070010256,58346.738
B1821-24,1070010257,58347.059
B1821-24,1070010258,58348.283
B1821-24,1070010259,58350.427
B1821-24,1070010260,58353.689
B1821-24,1070010261,58354.01
B1821-24,1070010263,58357.294
B1821-24,1070010264,58358.214
B1821-24,1070010265,58362.899
B1821-24,1070010268,58365.87
B1821-24,1070010269,58365.998
B1821-24,1070010270,58367.013
B1821-24,1070010271,58368.043
B1821-24,1070010272,58369.009
B1821-24,1070010273,58370.103
B1821-24,1070010274,58371.019
B1821-24,1070010275,58372.804
B1821-24,1070010276,58373.131
B1821-24,1070010278,58384.194
B1821-24,1070010279,58385.289
B1821-24,1070010280,58387.876
B1821-24,1070010281,58388.005
B1821-24,1070010282,58389.151
B1821-24,1070010283,58390.053
B1821-24,1070010284,58391.029
B1821-24,1070010285,58392.638
B1821-24,1070010287,58399.925
B1821-24,1070010288,58399.99
B1821-24,1070010289,58401.276
B1821-24,1070010290,58403.147
B1821-24,1070010291,58407.772
B1821-24,1070010292,58408.031
B1821-24,1070010295,58414.011
B1821-24,1070010296,58415.939
B1821-24,1070010297,58416.004
B1821-24,1070010298,58417.868
B1821-24,1070010299,58417.997
B1821-24,1070010301,58419.027
B1821-24,1070010302,58419.993
B1821-24,1070010303,58421.666
B1821-24,1070010304,58422.904
B1821-24,1070010306,58428.446
B1821-24,1070010307,58429.71
B1821-24,1070010308,58430.096
B1821-24,1070010310,58432.028
B1821-24,1070010311,58524.277
B1821-24,1070010312,58525.63
B1821-24,1070010313,58526.338
B1821-24,1070010314,58527.373
B1821-24,1070010315,58528.277
B1821-24,1070010316,58528.987
B1821-24,1070010317,58534.577
B1821-24,1070010318,58535.155
B1821-24,1070010319,58538.31
B1821-24,2070010302,58553.595
B1821-24,2070010303,58553.982
B1821-24,2070010304,58564.55
B1821-24,2070010305,58567.815
B1821-24,2070010306,58568.073
B1821-24,2070010307,58571.294
B1821-24,2070010308,58572.016
B1821-24,2070010309,58576.261
B1821-24,2070010310,58578.511
B1821-24,2070010311,58581.87
B1821-24,2070010312,58584.516
B1821-24,2070010313,58588.182
B1821-24,2070010314,58589.027
B1821-24,2070010315,58589.996
B1821-24,2070010316,58592.17
B1821-24,2070010317,58596.113
B1821-24,2070010318,58604.802
B1821-24,2070010319,58604.995
B1821-24,2070010320,58623.551
B1821-24,2070010321,58626.071
B1821-24,2070010322,58628.838
B1821-24,2070010323,58629.107
B1821-24,2070010324,58632.633
B1821-24,2070010326,58636.382
B1821-24,2070010327,58637.942
B1821-24,2070010328,58638.006
B1821-24,2070010329,58643.151
B1821-24,2070010330,58648.688
B1821-24,2070010331,58650.237
B1821-24,2070010332,58654.686
B1821-24,2070010333,58655.464
B1821-24,2070010334,58658.627
B1821-24,2070010335,58660.307
B1821-24,2070010336,58664.484
B1821-24,2070010337,58672.026
B1821-24,2070010338,58680.608
B1821-24,2070010339,58689.909
B1821-24,2070010340,58690.038
B1821-24,2070010341,58697.854
B1821-24,2070010343,58699.96
B1821-24,2070010344,58700.026
B1821-24,2070010346,58702.43
B1821-24,2070010347,58713.693
B1821-24,2070010350,58725.757
B1821-24,2070010351,58726.724
B1821-24,2070010353,58731.251
B1821-24,2070010354,58732.732
B1821-24,2070010355,58735.238
B1821-24,2070010356,58736.209
B1821-24,2070010357,58743.751
B1821-24,2070010359,58747.3
B1821-24,2070010360,58759.909
B1821-24,2070010361,58760.037
B1821-24,2070010362,58762.613
B1821-24,2070010363,58763.0
B1821-24,2070010364,58764.743
B1821-24,2070010366,58767.709
B1821-24,2070010369,58786.747
B1821-24,2070010370,58787.004
B1821-24,2070010371,58794.15
B1821-24,2070010375,58800.029
B1821-24,2070010378,58900.577
B1821-24,2070010379,58901.158
B1821-24,3070010302,58912.036
B1821-24,3070010303,58913.008
B1821-24,3070010306,58917.052
B1821-24,3070010307,58919.309
B1821-24,3070010308,58928.35
B1821-24,3070010309,58929.635
B1821-24,3070010310,58936.427
B1821-24,3070010311,58943.085
B1821-24,3070010312,58950.183
B1821-24,3070010313,58951.019
B1821-24,3070010314,58956.431
B1821-24,3070010315,58957.937
B1821-24,3070010316,58957.998
B1821-24,3070010317,58959.878
B1821-24,3070010318,58960.008
B1821-24,3070010319,58962.636
B1821-24,3070010320,58963.814
B1821-24,3070010321,58963.987
B1821-24,3070010322,58970.318
B1821-24,3070010323,58971.095
B1821-24,3070010324,58972.387
B1821-24,3070010325,58988.595
B1821-24,3070010326,58988.982
B1821-24,3070010327,58990.795
B1821-24,3070010328,58990.984
B1821-24,3070010329,59003.887
B1821-24,3070010330,59004.031
B1821-24,3070010332,59019.122
B1821-24,3070010333,59023.196
B1821-24,3070010334,59026.672
B1821-24,3070010335,59027.125
J0030+0451,1060020290,58309.031
J0030+0451,1060020291,58310.01
J0030+0451,1060020292,58311.884
J0030+0451,1060020293,58313.619
J0030+0451,1060020294,58314.005
J0030+0451,1060020295,58320.686
J0030+0451,1060020296,58321.006
J0030+0451,1060020297,58322.228
J0030+0451,1060020298,58323.018
J0030+0451,1060020299,58324.046
J0030+0451,1060020301,58325.013
J0030+0451,1060020302,58326.925
J0030+0451,1060020303,58327.31
J0030+0451,1060020304,58328.211
J0030+0451,1060020305,58329.197
J0030+0451,1060020306,58330.271
J0030+0451,1060020307,58335.306
J0030+0451,1060020308,58336.008
J0030+0451,1060020310,58338.591
J0030+0451,1060020311,58339.617
J0030+0451,1060020312,58340.521
J0030+0451,1060020313,58345.014
J0030+0451,1060020314,58346.956
J0030+0451,1060020315,58347.469
J0030+0451,1060020316,58348.116
J0030+0451,1060020317,58349.014
J0030+0451,1060020318,58350.056
J0030+0451,1060020319,58351.022
J0030+0451,1060020320,58352.045
J0030+0451,1060020321,58353.017
J0030+0451,1060020322,58354.048
J0030+0451,1060020323,58355.004
J0030+0451,1060020324,58356.044
J0030+0451,1060020325,58357.009
J0030+0451,1060020326,58358.017
J0030+0451,1060020327,58360.463
J0030+0451,1060020328,58360.998
J0030+0451,1060020329,58363.173
J0030+0451,1060020330,58365.618
J0030+0451,1060020331,58366.017
J0030+0451,1060020332,58367.686
J0030+0451,1060020333,58368.781
J0030+0451,1060020334,58369.03
J0030+0451,1060020335,58371.807
J0030+0451,1060020336,58371.995
J0030+0451,1060020337,58373.027
J0030+0451,1060020338,58373.989
J0030+0451,1060020339,58375.02
J0030+0451,1060020340,58376.044
J0030+0451,1060020341,58377.016
J0030+0451,1060020342,58378.368
J0030+0451,1060020343,58379.012
J0030+0451,1060020344,58380.239
J0030+0451,1060020345,58381.007
J0030+0451,1060020346,58382.038
J0030+0451,1060020347,58383.778
J0030+0451,1060020348,58384.035
J0030+0451,1060020349,58385.002
J0030+0451,1060020350,58387.758
J0030+0451,1060020351,58388.027
J0030+0451,1060020352,58389.003
J0030+0451,1060020353,58390.009
J0030+0451,1060020354,58390.994
J0030+0451,1060020355,58392.453
J0030+0451,1060020356,58393.293
J0030+0451,1060020357,58394.259
J0030+0451,1060020358,58395.095
J0030+0451,1060020359,58396.127
J0030+0451,1060020360,58397.09
J0030+0451,1060020361,58398.119
J0030+0451,1060020362,58399.025
J0030+0451,1060020363,58400.05
J0030+0451,1060020364,58401.016
J0030+0451,1060020365,58401.994
J0030+0451,1060020366,58403.225
J0030+0451,1060020367,58403.991
J0030+0451,1060020368,58405.007
J0030+0451,1060020369,58406.1
J0030+0451,1060020370,58407.926
J0030+0451,1060020371,58408.046
J0030+0451,1060020372,58409.011
J0030+0451,1060020373,58410.027
J0030+0451,1060020374,58411.001
J0030+0451,1060020375,58412.039
J0030+0451,1060020376,58415.059
J0030+0451,1060020377,58416.098
J0030+0451,1060020378,58416.99
J0030+0451,1060020379,58418.02
J0030+0451,1060020380,58418.988
J0030+0451,1060020381,58420.025
J0030+0451,1060020382,58420.996
J0030+0451,1060020383,58422.027
J0030+0451,1060020384,58423.044
J0030+0451,1060020385,58424.022
J0030+0451,1060020386,58425.05
J0030+0451,1060020387,58426.016
J0030+0451,1060020388,58427.048
J0030+0451,1060020389,58428.012
J0030+0451,1060020390,58429.041
J0030+0451,1060020391,58430.005
J0030+0451,1060020392,58431.027
J0030+0451,1060020393,58433.138
J0030+0451,1060020394,58434.043
J0030+0451,1060020395,58435.004
J0030+0451,1060020396,58436.036
J0030+0451,1060020397,58437.854
J0030+0451,1060020398,58439.46
J0030+0451,1060020399,58440.099
J0030+0451,1060020402,58444.548
J0030+0451,1060020403,58446.543
J0030+0451,1060020404,58446.986
J0030+0451,1060020405,58448.466
J0030+0451,1060020406,58449.557
J0030+0451,1060020407,58453.997
J0030+0451,1060020408,58455.025
J0030+0451,1060020409,58456.955
J0030+0451,1060020410,58458.629
J0030+0451,1060020411,58460.882
J0030+0451,1060020412,58461.075
J0030+0451,1060220106,58466.992
J0030+0451,1060220107,58469.825
J0030+0451,1060020413,58473.042
J0030+0451,1060020414,58474.008
J0030+0451,1060020415,58475.037
J0030+0451,1060020416,58476.131
J0030+0451,1060020417,58477.161
J0030+0451,1060020418,58477.997
J0030+0451,1060020419,58479.228
J0030+0451,1060020420,58480.198
J0030+0451,1060020421,58481.421
J0030+0451,1060020422,58481.994
J0030+0451,1060020423,58483.344
J0030+0451,1060020425,58492.427
J0030+0451,1060020426,58493.07
J0030+0451,1060020427,58494.042
J0030+0451,1060020428,58497.38
J0030+0451,1060020429,58498.087
J0030+0451,1060020430,58499.008
J0030+0451,1060210103,58501.057
J0030+0451,1060220108,58501.691
J0030+0451,1060020431,58503.632
J0030+0451,1060240101,58503.761
J0030+0451,1060020432,58504.029
J0030+0451,1060240102,58505.055
J0030+0451,1060020433,58505.119
J0030+0451,1060020434,58506.009
J0030+0451,1060020435,58511.8
J0030+0451,1060270109,58511.928
J0030+0451,1060270110,58512.058
J0030+0451,1060270111,58513.292
J0030+0451,1060260105,58514.514
J0030+0451,1060020436,58514.63
J0030+0451,1060270112,58515.532
J0030+0451,1060240103,58515.666
J0030+0451,1060020437,58516.248
J0030+0451,1060240104,58516.377
J0030+0451,1060240105,58519.332
J0030+0451,2060020401,58645.621
J0030+0451,2060020402,58646.076
J0030+0451,2060020403,58647.047
J0030+0451,2060020404,58648.016
J0030+0451,2060020405,58649.176
J0030+0451,2060020406,58670.902
J0030+0451,2060020407,58671.092
J0030+0451,2060020408,58672.965
J0030+0451,2060020409,58673.029
J0030+0451,2060020410,58673.997
J0030+0451,2060020411,58675.411
J0030+0451,2060020412,58675.995
J0030+0451,2060230101,58677.874
J0030+0451,2060020413,58677.938
J0030+0451,2060020414,58678.132
J0030+0451,2060020415,58679.087
J0030+0451,2060020416,58679.996
J0030+0451,2060020417,58683.03
J0030+0451,2060020418,58683.997
J0030+0451,2060230103,58684.251
J0030+0451,2060020419,58685.221
J0030+0451,2060230104,58685.67
J0030+0451,2060020420,58688.448
J0030+0451,2060020421,58689.157
J0030+0451,2060020422,58689.996
J0030+0451,2060020423,58691.286
J0030+0451,2060020424,58691.993
J0030+0451,2060020425,58693.025
J0030+0451,2060020426,58694.046
J0030+0451,2060020427,58695.206
J0030+0451,2060020428,58696.178
J0030+0451,2060020429,58697.6
J0030+0451,2060020430,58698.053
J0030+0451,2060020431,58699.019
J0030+0451,2060020432,58700.246
J0030+0451,2060020433,58701.151
J0030+0451,2060020435,58711.721
J0030+0451,2060020436,58712.108
J0030+0451,2060020437,58713.01
J0030+0451,2060020438,58715.659
J0030+0451,2060230105,58717.666
J0030+0451,2060230106,58718.053
J0030+0451,2060230107,58719.022
J0030+0451,2060020439,58719.859
J0030+0451,2060020440,58720.056
J0030+0451,2060020441,58721.022
J0030+0451,2060020442,58722.053
J0030+0451,2060230109,58722.441
J0030+0451,2060020443,58727.917
J0030+0451,2060020444,58728.046
J0030+0451,2060020445,58730.113
J0030+0451,2060020447,58732.045
J0030+0451,2060020449,58743.266
J0030+0451,2060020450,58744.047
J0030+0451,2060020451,58745.336
J0030+0451,2060020452,58780.63
J0030+0451,2060020455,58816.369
J0030+0451,2060020456,58821.011
J0030+0451,2060020457,58826.118
J0030+0451,2060020458,58831.721
J0030+0451,2060020459,58833.596
J0030+0451,2060020460,58839.019
J0030+0451,2060020461,58840.043
J0030+0451,2060020462,58843.404
J0030+0451,2060020463,58844.825
J0030+0451,2060020464,58845.018
J0030+0451,2060020467,58856.519
J0030+0451,2060020469,58864.0
J0030+0451,2060020470,58865.419
J0030+0451,3060280101,59024.685
J0030+0451,3060280102,59026.363
J0218+4232,1070030242,58310.45
J0218+4232,1070030243,58311.609
J0218+4232,1070030244,58312.192
J0218+4232,1070030245,58314.243
J0218+4232,1070030246,58315.081
J0218+4232,1070030247,58315.984
J0218+4232,1070030248,58317.847
J0218+4232,1070030249,58318.04
J0218+4232,1070030250,58325.444
J0218+4232,1070030251,58326.474
J0218+4232,1070030252,58329.627
J0218+4232,1070030253,58330.4
J0218+4232,1070030254,58331.231
J0218+4232,1070030255,58332.009
J0218+4232,1070030256,58333.612
J0218+4232,1070030258,58343.492
J0218+4232,1070030259,58344.205
J0218+4232,1070030260,58347.353
J0218+4232,1070030261,58348.19
J0218+4232,1070030262,58349.091
J0218+4232,1070030263,58350.194
J0218+4232,1070030264,58351.031
J0218+4232,1070030265,58354.507
J0218+4232,1070030266,58355.796
J0218+4232,1070030267,58356.053
J0218+4232,1070030268,58357.018
J0218+4232,1070030269,58358.241
J0218+4232,1070030270,58359.07
J0218+4232,1070030271,58360.037
J0218+4232,1070030272,58361.003
J0218+4232,1070030273,58362.03
J0218+4232,1070030274,58362.996
J0218+4232,1070030275,58364.026
J0218+4232,1070030276,58367.162
J0218+4232,1070030277,58368.128
J0218+4232,1070030278,58376.301
J0218+4232,1070030279,58379.003
J0218+4232,1070030280,58380.228
J0218+4232,1070030281,58382.739
J0218+4232,1070030282,58383.061
J0218+4232,1070030283,58384.027
J0218+4232,1070030284,58385.634
J0218+4232,1070030285,58386.019
J0218+4232,1070030286,58388.4
J0218+4232,1070030287,58392.067
J0218+4232,1070030288,58393.806
J0218+4232,1070030289,58394.771
J0218+4232,1070030290,58395.735
J0218+4232,1070030291,58401.27
J0218+4232,1070030293,58416.04
J0218+4232,1070030294,58417.197
J0218+4232,1070030295,58418.489
J0218+4232,1070030296,58419.008
J0218+4232,1070030297,58420.038
J0218+4232,1070030298,58421.259
J0218+4232,1070030299,58422.034
J0218+4232,1070030301,58423.386
J0218+4232,1070030302,58424.03
J0218+4232,1070030303,58425.06
J0218+4232,1070030304,58426.026
J0218+4232,1070030305,58427.443
J0218+4232,1070030306,58429.695
J0218+4232,1070030307,58430.081
J0218+4232,1070030308,58435.929
J0218+4232,1070030309,58435.993
J0218+4232,1070030310,58437.344
J0218+4232,1070030311,58438.244
J0218+4232,1070030312,58439.068
J0218+4232,1070030313,58444.536
J0218+4232,1070030314,58445.115
J0218+4232,1070030315,58446.209
J0218+4232,1070030316,58447.047
J0218+4232,1070030317,58450.006
J0218+4232,1070030318,58451.099
J0218+4232,1070030319,58452.063
J0218+4232,1070030320,58453.029
J0218+4232,1070030321,58456.311
J0218+4232,1070030322,58457.147
J0218+4232,1070030323,58458.242
J0218+4232,1070030324,58459.078
J0218+4232,1070030325,58460.044
J0218+4232,1070030326,58462.1
J0218+4232,1070030327,58465.133
J0218+4232,1070030328,58468.085
J0218+4232,1070030329,58469.376
J0218+4232,1070030331,58473.102
J0218+4232,1070030336,58487.42
J0218+4232,1070030337,58497.324
J0218+4232,1070030338,58498.045
J0218+4232,1070030339,58499.127
J0218+4232,1070030341,58505.113
J0218+4232,1070030342,58506.017
J0218+4232,1070030343,58508.587
J0218+4232,1070030344,58522.623
J0218+4232,1070030345,58527.515
J0218+4232,1070030346,58529.446
J0218+4232,1070030347,58530.095
J0218+4232,1070030348,58531.196
J0218+4232,1070030349,58534.027
J0218+4232,1070030350,58537.128
J0218+4232,1070030351,58538.086
J0218+4232,1070030352,58540.341
J0218+4232,1070030353,58541.037
J0218+4232,1070030354,58542.9
J0218+4232,1070030355,58543.094
J0218+4232,2070030301,58544.063
J0218+4232,2070030302,58545.217
J0218+4232,2070030303,58547.991
J0218+4232,2070030304,58559.168
J0218+4232,2070030305,58561.28
J0218+4232,2070030306,58562.053
J0218+4232,2070030307,58565.527
J0218+4232,2070030308,58568.763
J0218+4232,2070030309,58569.405
J0218+4232,2070030310,58570.937
J0218+4232,2070030311,58571.0
J0218+4232,2070030312,58572.044
J0218+4232,2070030316,58657.1
J0218+4232,2070030317,58665.729
J0218+4232,2070030319,58674.701
J0218+4232,2070030320,58675.026
J0218+4232,2070030321,58676.633
J0218+4232,2070030322,58677.027
J0218+4232,2070030324,58682.435
J0218+4232,2070030325,58689.147
J0218+4232,2070030326,58690.421
J0218+4232,2070030327,58691.256
J0218+4232,2070030328,58694.035
J0218+4232,2070030330,58705.02
J0218+4232,2070030331,58705.994
J0218+4232,2070030332,58707.019
J0218+4232,2070030333,58707.99
J0218+4232,2070030334,58709.026
J0218+4232,2070030335,58712.319
J0218+4232,2070030336,58713.979
J0218+4232,2070030337,58715.673
J0218+4232,2070030338,58716.055
J0218+4232,2070030339,58717.538
J0218+4232,2070030340,58719.146
J0218+4232,2070030341,58722.061
J0218+4232,2070030343,58724.25
J0218+4232,2070030344,58725.346
J0218+4232,2070030345,58728.235
J0218+4232,2070030346,58729.264
J0218+4232,2070030347,58735.263
J0218+4232,2070030348,58741.197
J0218+4232,2070030349,58742.355
J0218+4232,2070030350,58749.452
J0218+4232,2070030352,58755.457
J0218+4232,2070030353,58756.03
J0218+4232,2070030354,58757.006
J0218+4232,2070030355,58764.028
J0218+4232,2070030356,58778.185
J0218+4232,2070030357,58779.925
J0218+4232,2070030358,58779.99
J0218+4232,2070030359,58785.608
J0218+4232,2070030360,58785.995
J0218+4232,2070030361,58787.101
J0218+4232,2070030362,58791.404
J0218+4232,2070030364,58799.657
J0218+4232,2070030365,58800.308
J0218+4232,2070030366,58805.141
J0218+4232,2070030367,58813.333
J0218+4232,2070030368,58814.559
J0218+4232,2070030369,58815.076
J0218+4232,2070030370,58823.591
J0218+4232,2070030371,58824.75
J0218+4232,2070030372,58825.007
J0218+4232,2070030373,58830.038
J0218+4232,2070030374,58831.146
J0218+4232,2070030375,58835.078
J0218+4232,2070030376,58836.039
J0218+4232,2070030379,58848.844
J0218+4232,2070030380,58849.037
J0218+4232,2070030381,58850.908
J0218+4232,2070030382,58851.038
J0218+4232,2070030383,58852.929
J0218+4232,2070030384,58853.036
J0218+4232,2070030385,58854.971
J0218+4232,2070030386,58855.035
J0218+4232,2070030387,58860.647
J0218+4232,2070030388,58861.036
J0218+4232,2070030389,58863.033
J0218+4232,2070030390,58865.096
J0218+4232,2070030391,58866.003
J0218+4232,2070030392,58867.036
J0218+4232,2070030393,58869.115
J0218+4232,2070030394,58870.009
J0218+4232,2070030395,58871.115
J0218+4232,2070030396,58872.019
J0218+4232,2070030398,58891.372
J0218+4232,2070030399,58893.443
J0218+4232,2070030401,58895.564
J0218+4232,2070030402,58897.565
J0218+4232,2070030403,58898.802
J0218+4232,2070030404,58899.515
J0218+4232,2070030405,58903.629
J0218+4232,2070030406,58904.601
J0218+4232,2070030407,58905.569
J0218+4232,2070030408,58907.699
J0218+4232,3070030401,58921.934
J0218+4232,3070030402,58921.999
J0218+4232,3070030403,58930.056
J0218+4232,3070030404,58932.053
J0218+4232,3070030405,58934.12
J0218+4232,3070030407,58936.129
J0218+4232,3070030414,59029.855
J0437-4715,1060010317,58300.049
J0437-4715,1060010318,58301.014
J0437-4715,1060010319,58302.042
J0437-4715,1060010320,58303.005
J0437-4715,1060010321,58304.035
J0437-4715,1060010322,58304.999
J0437-4715,1060010323,58306.093
J0437-4715,1060010324,58307.057
J0437-4715,1060010325,58308.033
J0437-4715,1060010326,58308.988
J0437-4715,1060010327,58310.084
J0437-4715,1060010328,58310.98
J0437-4715,1060010329,58312.009
J0437-4715,1060010330,58313.042
J0437-4715,1060010331,58314.262
J0437-4715,1060010332,58315.034
J0437-4715,1060010333,58316.191
J0437-4715,1060010334,58317.415
J0437-4715,1060010335,58317.995
J0437-4715,1060010336,58319.023
J0437-4715,1060010337,58320.567
J0437-4715,1060010338,58321.402
J0437-4715,1060010339,58322.047
J0437-4715,1060010342,58328.687
J0437-4715,1060010343,58331.128
J0437-4715,1060010344,58332.027
J0437-4715,1060010345,58333.056
J0437-4715,1060010346,58345.617
J0437-4715,1060010347,58354.676
J0437-4715,1060010348,58356.868
J0437-4715,1060010349,58357.963
J0437-4715,1060010350,58358.027
J0437-4715,1060010351,58358.994
J0437-4715,1060010352,58360.138
J0437-4715,1060010353,58361.039
J0437-4715,1060010354,58362.004
J0437-4715,1060010355,58363.035
J0437-4715,1060010356,58363.999
J0437-4715,1060010361,58370.998
J0437-4715,1060010362,58372.014
J0437-4715,1060010363,58373.05
J0437-4715,1060010364,58374.007
J0437-4715,1060010365,58375.036
J0437-4715,1060010366,58376.002
J0437-4715,1060010367,58377.226
J0437-4715,1060010368,58377.998
J0437-4715,1060010369,58379.034
J0437-4715,1060010370,58379.998
J0437-4715,1060010371,58381.03
J0437-4715,1060010372,58382.001
J0437-4715,1060010373,58388.478
J0437-4715,1060010374,58390.215
J0437-4715,1060010375,58391.374
J0437-4715,1060010376,58393.048
J0437-4715,1060010377,58394.013
J0437-4715,1060010378,58395.042
J0437-4715,1060010379,58396.007
J0437-4715,1060010380,58397.182
J0437-4715,1060010381,58398.085
J0437-4715,1060010382,58399.049
J0437-4715,1060010383,58400.014
J0437-4715,1060010384,58401.044
J0437-4715,1060010385,58402.01
J0437-4715,1060010386,58404.006
J0437-4715,1060010387,58405.147
J0437-4715,1060010388,58406.001
J0437-4715,1060010389,58407.012
J0437-4715,1060010390,58407.994
J0437-4715,1060010391,58410.943
J0437-4715,1060010393,58412.997
J0437-4715,1060010394,58414.865
J0437-4715,1060010395,58415.766
J0437-4715,1060010396,58416.087
J0437-4715,1060010397,58417.695
J0437-4715,1060010398,58418.149
J0437-4715,1060010399,58419.886
J0437-4715,1060010401,58420.015
J0437-4715,1060010402,58421.24
J0437-4715,1060010403,58422.014
J0437-4715,1060010404,58423.228
J0437-4715,1060010405,58424.009
J0437-4715,1060010406,58425.037
J0437-4715,1060010407,58426.382
J0437-4715,1060010408,58427.031
J0437-4715,1060010409,58428.184
J0437-4715,1060010410,58429.023
J0437-4715,1060010411,58429.994
J0437-4715,1060010413,58446.55
J0437-4715,1060010414,58447.0
J0437-4715,1060010415,58448.028
J0437-4715,1060010416,58453.379
J0437-4715,1060010417,58454.152
J0437-4715,1060010420,58458.344
J0437-4715,1060010421,58459.046
J0437-4715,1060130101,58466.041
J0437-4715,1060130102,58467.07
J0437-4715,1060130103,58468.623
J0437-4715,1060130104,58469.34
J0437-4715,1060130105,58470.37
J0437-4715,1060130106,58473.12
J0437-4715,1060130107,58474.229
J0437-4715,1060130108,58475.05
J0437-4715,1060010423,58476.278
J0437-4715,1060010424,58478.977
J0437-4715,1060010425,58479.042
J0437-4715,1060010427,58490.509
J0437-4715,1060010428,58491.025
J0437-4715,1060130109,58499.308
J0437-4715,1060130110,58500.017
J0437-4715,1060130111,58501.046
J0437-4715,1060130112,58522.576
J0437-4715,1060010429,58522.64
J0437-4715,1060010430,58523.155
J0437-4715,1060010431,58524.073
J0437-4715,1060010432,58525.494
J0437-4715,1060010433,58526.052
J0437-4715,1060010434,58527.039
J0437-4715,1060010435,58528.047
J0437-4715,1060010436,58529.531
J0437-4715,1060010437,58530.042
J0437-4715,1060010439,58532.103
J0437-4715,2060010401,58547.363
J0437-4715,2060130101,58547.939
J0437-4715,2060010402,58551.938
J0437-4715,2060010403,58552.003
J0437-4715,2060010405,58554.009
J0437-4715,2060130102,58555.03
J0437-4715,2060010406,58667.233
J0437-4715,2060010407,58681.493
J0437-4715,2060010408,58682.074
J0437-4715,2060010409,58683.621
J0437-4715,2060010410,58685.045
J0437-4715,2060010411,58686.261
J0437-4715,2060010412,58687.793
J0437-4715,2060010413,58688.374
J0437-4715,2060010414,58689.018
J0437-4715,2060010415,58690.245
J0437-4715,2060010416,58691.016
J0437-4715,2060010417,58692.001
J0437-4715,2060010418,58693.032
J0437-4715,2060010419,58693.999
J0437-4715,2060010420,58695.03
J0437-4715,2060010421,58696.194
J0437-4715,2060010423,58715.723
J0437-4715,2060010424,58716.046
J0437-4715,2060010425,58717.527
J0437-4715,2060010426,58718.045
J0437-4715,2060010427,58719.335
J0437-4715,2060010428,58720.044
J0437-4715,2060010429,58721.012
J0437-4715,2060010430,58733.93
J0437-4715,2060010431,58733.994
J0437-4715,2060010432,58735.09
J0437-4715,2060010433,58736.002
J0437-4715,2060010434,58737.033
J0437-4715,2060010435,58737.99
J0437-4715,2060010436,58739.025
J0437-4715,2060010437,58739.99
J0437-4715,2060010438,58741.097
J0437-4715,2060010439,58741.995
J0437-4715,2060010440,58743.094
J0437-4715,2060010441,58744.128
J0437-4715,2060010442,58745.035
J0437-4715,2060010443,58751.424
J0437-4715,2060010444,58752.006
J0437-4715,2060010445,58754.754
J0437-4715,2060010446,58755.205
J0437-4715,2060010447,58756.302
J0437-4715,2060010448,58757.012
J0437-4715,2060010449,58758.049
J0437-4715,2060010450,58759.015
J0437-4715,2060010451,58760.237
J0437-4715,2060010452,58761.469
J0437-4715,2060010453,58762.24
J0437-4715,2060010454,58763.22
J0437-4715,2060010455,58764.003
J0437-4715,2060010456,58765.01
J0437-4715,2060010457,58766.047
J0437-4715,2060010458,58767.09
J0437-4715,2060010459,58768.112
J0437-4715,2060010461,58777.594
J0437-4715,2060010462,58778.429
J0437-4715,2060010463,58779.007
J0437-4715,2060010464,58780.814
J0437-4715,2060010465,58781.275
J0437-4715,2060010466,58782.039
J0437-4715,2060010467,58783.664
J0437-4715,2060010468,58784.167
J0437-4715,2060010470,58786.435
J0437-4715,2060010471,58787.341
J0437-4715,2060010472,58788.175
J0437-4715,2060010473,58789.081
J0437-4715,2060010474,58790.112
J0437-4715,2060010475,58792.183
J0437-4715,2060010476,58793.275
J0437-4715,2060010478,58796.436
J0437-4715,2060010480,58812.059
J0437-4715,2060010481,58815.026
J0437-4715,2060010482,58815.994
J0437-4715,2060010483,58817.033
J0437-4715,2060010484,58818.0
J0437-4715,2060010485,58819.027
J0437-4715,2060010486,58820.001
J0437-4715,2060010487,58821.033
J0437-4715,2060010488,58822.01
J0437-4715,2060010489,58823.041
J0437-4715,2060010490,58824.122
J0437-4715,2060010491,58825.094
J0437-4715,2060010492,58825.991
J0437-4715,2060010493,58827.088
J0437-4715,2060010494,58828.117
J0437-4715,2060010495,58829.023
J0437-4715,2060010496,58830.572
J0437-4715,2060010497,58831.669
J0437-4715,2060010498,58832.183
J0437-4715,2060010499,58833.025
J0437-4715,2060010502,58837.022
J0437-4715,2060010503,58838.119
J0437-4715,2060010504,58839.345
J0437-4715,2060010505,58839.99
J0437-4715,2060010506,58841.086
J0437-4715,2060010507,58842.054
J0437-4715,2060010508,58843.02
J0437-4715,2060010509,58843.989
J0437-4715,2060010510,58845.35
J0437-4715,2060010511,58845.997
J0437-4715,2060010512,58847.289
J0437-4715,2060010513,58848.311
J0437-4715,2060010514,58850.329
J0437-4715,2060010515,58851.813
J0437-4715,2060010516,58852.006
J0437-4715,2060010517,58853.424
J0437-4715,2060010518,58854.008
J0437-4715,2060010519,58855.3
J0437-4715,2060010522,58862.443
J0437-4715,2060010523,58864.055
J0437-4715,2060010524,58865.353
J0437-4715,2060010525,58865.999
J0437-4715,2060010526,58867.031
J0437-4715,2060010527,58868.063
J0437-4715,2060010528,58869.022
J0437-4715,2060010529,58870.894
J0437-4715,2060010530,58871.023
J0437-4715,2060010532,58876.485
J0437-4715,2060010534,58878.484
J0437-4715,2060010535,58882.941
J0437-4715,2060010536,58884.165
J0437-4715,2060010538,58891.652
J0437-4715,2060010540,58894.156
J0437-4715,3060010501,58924.314
J0437-4715,3060010502,58927.35
J0437-4715,3060010504,58958.157
