obsid,psr,mjd
1070010269,B1821-24,58365.998
1070010270,B1821-24,58367.013
1070010271,B1821-24,58368.043
1070010272,B1821-24,58369.009
1070010229,B1821-24,58300.018
1070010230,B1821-24,58301.05
1070010231,B1821-24,58302.328
1070010232,B1821-24,58303.032
1070010233,B1821-24,58304.062
1070010308,B1821-24,58430.096
2070010302,B1821-24,58553.595
2070010306,B1821-24,58568.073
2070010307,B1821-24,58571.294
3070010309,B1821-24,58929.635
3070010310,B1821-24,58936.427
3070010311,B1821-24,58943.085
3070010314,B1821-24,58956.431
3070010326,B1821-24,58988.982
3070010330,B1821-24,59004.031
3070010332,B1821-24,59019.122
3070010333,B1821-24,59023.196
1060020298,J0030+0451,58323.018
1060020299,J0030+0451,58324.046
1060020308,J0030+0451,58336.008
1060020313,J0030+0451,58345.014
1060020318,J0030+0451,58350.056
1060020319,J0030+0451,58351.022
1060020320,J0030+0451,58352.045
1060020321,J0030+0451,58353.017
1060020322,J0030+0451,58354.048
1060020323,J0030+0451,58355.004
1060020324,J0030+0451,58356.044
1060020325,J0030+0451,58357.009
1060020327,J0030+0451,58360.463
1060020328,J0030+0451,58360.998
1060020336,J0030+0451,58371.995
1060020337,J0030+0451,58373.027
1060020338,J0030+0451,58373.989
1060020290,J0030+0451,58309.031
1060020341,J0030+0451,58377.016
1060020344,J0030+0451,58380.239
1060020348,J0030+0451,58384.035
1060020352,J0030+0451,58389.003
1060020358,J0030+0451,58395.095
1060020361,J0030+0451,58398.119
1060020364,J0030+0451,58401.016
1060020369,J0030+0451,58406.1
1060020372,J0030+0451,58409.011
1060020376,J0030+0451,58415.059
1060020379,J0030+0451,58418.02
1060020382,J0030+0451,58420.996
1060020385,J0030+0451,58424.022
1060020389,J0030+0451,58428.012
1060220106,J0030+0451,58466.992
1060020415,J0030+0451,58475.037
1060020417,J0030+0451,58477.161
1060020421,J0030+0451,58481.421
1060020429,J0030+0451,58498.087
1060020433,J0030+0451,58505.119
2060020409,J0030+0451,58673.029
2060020414,J0030+0451,58678.132
2060020422,J0030+0451,58689.996
2060020440,J0030+0451,58720.056
1070030249,J0218+4232,58318.04
1070030262,J0218+4232,58349.091
1070030268,J0218+4232,58357.018
1070030270,J0218+4232,58359.07
1070030271,J0218+4232,58360.037
1070030272,J0218+4232,58361.003
1070030273,J0218+4232,58362.03
1070030274,J0218+4232,58362.996
1070030287,J0218+4232,58392.067
1070030296,J0218+4232,58419.008
1070030304,J0218+4232,58426.026
1070030328,J0218+4232,58468.085
1070030338,J0218+4232,58498.045
1070030342,J0218+4232,58506.017
1070030346,J0218+4232,58529.446
1070030349,J0218+4232,58534.027
2070030303,J0218+4232,58547.991
2070030304,J0218+4232,58559.168
2070030311,J0218+4232,58571.0
2070030319,J0218+4232,58674.701
2070030324,J0218+4232,58682.435
2070030325,J0218+4232,58689.147
2070030330,J0218+4232,58705.02
2070030331,J0218+4232,58705.994
2070030332,J0218+4232,58707.019
2070030336,J0218+4232,58713.979
2070030350,J0218+4232,58749.452
2070030353,J0218+4232,58756.03
2070030355,J0218+4232,58764.028
2070030356,J0218+4232,58778.185
2070030359,J0218+4232,58785.608
2070030362,J0218+4232,58791.404
2070030366,J0218+4232,58805.141
2070030370,J0218+4232,58823.591
2070030373,J0218+4232,58830.038
2070030376,J0218+4232,58836.039
2070030384,J0218+4232,58853.036
2070030386,J0218+4232,58855.035
2070030387,J0218+4232,58860.647
2070030389,J0218+4232,58863.033
2070030390,J0218+4232,58865.096
2070030391,J0218+4232,58866.003
2070030392,J0218+4232,58867.036
2070030393,J0218+4232,58869.115
2070030395,J0218+4232,58871.115
2070030398,J0218+4232,58891.372
2070030399,J0218+4232,58893.443
2070030401,J0218+4232,58895.564
2070030402,J0218+4232,58897.565
2070030405,J0218+4232,58903.629
2070030407,J0218+4232,58905.569
3070030403,J0218+4232,58930.056
3070030404,J0218+4232,58932.053
3070030405,J0218+4232,58934.12
3070030407,J0218+4232,58936.129
1060010339,J0437-4715,58322.047
1060010350,J0437-4715,58358.027
1060010354,J0437-4715,58362.004
1060010355,J0437-4715,58363.035
1060010356,J0437-4715,58363.999
1060010361,J0437-4715,58370.998
1060010362,J0437-4715,58372.014
1060010363,J0437-4715,58373.05
1060010317,J0437-4715,58300.049
1060010320,J0437-4715,58303.005
1060010324,J0437-4715,58307.057
1060010329,J0437-4715,58312.009
1060010367,J0437-4715,58377.226
1060010371,J0437-4715,58381.03
1060010379,J0437-4715,58396.007
1060010382,J0437-4715,58399.049
1060010393,J0437-4715,58412.997
1060130107,J0437-4715,58474.229
1060010430,J0437-4715,58523.155
2060010403,J0437-4715,58552.003
2060010415,J0437-4715,58690.245
2060010419,J0437-4715,58693.999
2060010427,J0437-4715,58719.335
2060010432,J0437-4715,58735.09
2060010435,J0437-4715,58737.99
2060010439,J0437-4715,58741.995
2060010451,J0437-4715,58760.237
2060010457,J0437-4715,58766.047
2060010471,J0437-4715,58787.341
2060010484,J0437-4715,58818.0
2060010493,J0437-4715,58827.088
2060010504,J0437-4715,58839.345
2060010508,J0437-4715,58843.02
