psr,F0_Hz,model,lnBF,peaky,log10_tau_s,log10_tau_up,log10_tau_lo,log10_Beff_upperbound,note
J0401-7608,1.834006,2C,7.2,N,5.0,2.7,2.0,-6.062,B_eff=1/(2 pi nu tau): UPPER BOUND on B_mf (tau>=tau_s; pinning ignored)
J0452-1759,1.821695,2C,26.0,N,5.2,2.4,2.2,-6.259,B_eff=1/(2 pi nu tau): UPPER BOUND on B_mf (tau>=tau_s; pinning ignored)
J0627+0706,2.101348,2C,73.0,N,5.0,2.8,2.0,-6.121,B_eff=1/(2 pi nu tau): UPPER BOUND on B_mf (tau>=tau_s; pinning ignored)
J0659+1414,2.597884,2C,25.2,N,5.9,2.1,2.7,-7.113,B_eff=1/(2 pi nu tau): UPPER BOUND on B_mf (tau>=tau_s; pinning ignored)
J0729-1836,1.960107,2C,196.4,Y,6.9,1.2,0.3,-7.99,B_eff=1/(2 pi nu tau): UPPER BOUND on B_mf (tau>=tau_s; pinning ignored)
J0738-4042,2.66723,2C,832.1,RR,8.2,0.5,0.6,-9.424,B_eff=1/(2 pi nu tau): UPPER BOUND on B_mf (tau>=tau_s; pinning ignored)
J0742-2822,5.996559,2C,519.3,Y,6.5,1.3,2.3,-8.076,B_eff=1/(2 pi nu tau): UPPER BOUND on B_mf (tau>=tau_s; pinning ignored)
J0758-1528,1.465706,2C,5.4,N,5.0,3.0,2.0,-5.964,B_eff=1/(2 pi nu tau): UPPER BOUND on B_mf (tau>=tau_s; pinning ignored)
J0809-4753,1.827478,2C,11.2,N,5.2,2.6,2.1,-6.26,B_eff=1/(2 pi nu tau): UPPER BOUND on B_mf (tau>=tau_s; pinning ignored)
J0837-4135,1.33045,2C,149.4,N,5.3,2.6,2.2,-6.222,B_eff=1/(2 pi nu tau): UPPER BOUND on B_mf (tau>=tau_s; pinning ignored)
J0907-5157,3.943871,2C,93.5,N,5.0,2.7,2.1,-6.394,B_eff=1/(2 pi nu tau): UPPER BOUND on B_mf (tau>=tau_s; pinning ignored)
J0908-4913,9.365805,2C,564.7,RR,8.1,0.6,0.8,-9.87,B_eff=1/(2 pi nu tau): UPPER BOUND on B_mf (tau>=tau_s; pinning ignored)
J0922+0638,2.322168,2C,109.1,Y,6.9,0.8,0.8,-8.064,B_eff=1/(2 pi nu tau): UPPER BOUND on B_mf (tau>=tau_s; pinning ignored)
J0942-5657,1.237363,2C,37.5,N,5.7,2.6,2.6,-6.591,B_eff=1/(2 pi nu tau): UPPER BOUND on B_mf (tau>=tau_s; pinning ignored)
J1001-5507,0.696069,2C,534.7,Y,7.1,0.7,0.3,-7.741,B_eff=1/(2 pi nu tau): UPPER BOUND on B_mf (tau>=tau_s; pinning ignored)
J1043-6116,3.46494,2C,5.4,N,5.1,2.7,2.2,-6.438,B_eff=1/(2 pi nu tau): UPPER BOUND on B_mf (tau>=tau_s; pinning ignored)
J1048-5832,8.081444,2C,1295.7,RR,8.0,0.6,0.5,-9.706,B_eff=1/(2 pi nu tau): UPPER BOUND on B_mf (tau>=tau_s; pinning ignored)
J1056-6258,2.367138,2C,321.3,N,5.3,2.4,2.2,-6.472,B_eff=1/(2 pi nu tau): UPPER BOUND on B_mf (tau>=tau_s; pinning ignored)
J1057-5226,5.073165,2C,280.5,Y,6.7,1.2,3.2,-8.203,B_eff=1/(2 pi nu tau): UPPER BOUND on B_mf (tau>=tau_s; pinning ignored)
J1105-6107,15.822251,2C,417.7,N,5.9,2.0,2.7,-7.897,B_eff=1/(2 pi nu tau): UPPER BOUND on B_mf (tau>=tau_s; pinning ignored)
J1110-5637,1.791298,2C,57.4,N,5.6,2.6,2.5,-6.651,B_eff=1/(2 pi nu tau): UPPER BOUND on B_mf (tau>=tau_s; pinning ignored)
J1112-6613,2.992095,2C,30.4,N,5.8,2.0,2.6,-7.074,B_eff=1/(2 pi nu tau): UPPER BOUND on B_mf (tau>=tau_s; pinning ignored)
J1114-6100,1.135247,2C,8.5,N,5.2,2.6,2.1,-6.053,B_eff=1/(2 pi nu tau): UPPER BOUND on B_mf (tau>=tau_s; pinning ignored)
J1116-4122,1.060259,2C,10.9,RR,6.5,1.5,3.1,-7.324,B_eff=1/(2 pi nu tau): UPPER BOUND on B_mf (tau>=tau_s; pinning ignored)
J1121-5444,1.866414,2C,184.3,Y,6.8,1.0,2.7,-7.869,B_eff=1/(2 pi nu tau): UPPER BOUND on B_mf (tau>=tau_s; pinning ignored)
J1136+1551,0.841809,2C,17.7,N,5.2,2.5,2.1,-5.923,B_eff=1/(2 pi nu tau): UPPER BOUND on B_mf (tau>=tau_s; pinning ignored)
J1136-5525,2.74187,2C,223.0,Y,7.0,1.2,2.1,-8.236,B_eff=1/(2 pi nu tau): UPPER BOUND on B_mf (tau>=tau_s; pinning ignored)
J1141-6545,2.538723,2C,196.3,Y,6.2,1.1,0.6,-7.403,B_eff=1/(2 pi nu tau): UPPER BOUND on B_mf (tau>=tau_s; pinning ignored)
J1157-6224,2.496719,2C,218.8,N,5.0,2.8,2.0,-6.196,B_eff=1/(2 pi nu tau): UPPER BOUND on B_mf (tau>=tau_s; pinning ignored)
J1202-5820,2.208464,2C,134.9,N,5.2,2.5,2.2,-6.342,B_eff=1/(2 pi nu tau): UPPER BOUND on B_mf (tau>=tau_s; pinning ignored)
J1210-5559,3.574392,2C,26.0,N,5.3,2.3,2.2,-6.651,B_eff=1/(2 pi nu tau): UPPER BOUND on B_mf (tau>=tau_s; pinning ignored)
J1224-6407,4.619369,2C,424.4,RR,6.3,1.6,3.0,-7.763,B_eff=1/(2 pi nu tau): UPPER BOUND on B_mf (tau>=tau_s; pinning ignored)
J1239-6832,0.768094,2C,5.7,N,5.2,2.4,2.1,-5.884,B_eff=1/(2 pi nu tau): UPPER BOUND on B_mf (tau>=tau_s; pinning ignored)
J1243-6423,2.574101,2C,997.2,Y,6.1,1.6,2.6,-7.309,B_eff=1/(2 pi nu tau): UPPER BOUND on B_mf (tau>=tau_s; pinning ignored)
J1253-5820,3.913922,2C,133.8,N,5.5,2.2,2.4,-6.891,B_eff=1/(2 pi nu tau): UPPER BOUND on B_mf (tau>=tau_s; pinning ignored)
J1305-6455,1.749315,2C,215.7,N,6.0,1.8,2.7,-7.041,B_eff=1/(2 pi nu tau): UPPER BOUND on B_mf (tau>=tau_s; pinning ignored)
J1306-6617,2.114041,2C,11.9,N,5.7,2.3,2.5,-6.823,B_eff=1/(2 pi nu tau): UPPER BOUND on B_mf (tau>=tau_s; pinning ignored)
J1319-6056,3.516757,2C,21.5,N,4.9,2.7,1.9,-6.244,B_eff=1/(2 pi nu tau): UPPER BOUND on B_mf (tau>=tau_s; pinning ignored)
J1320-5359,3.574778,2C,38.9,RR,6.3,1.7,3.0,-7.651,B_eff=1/(2 pi nu tau): UPPER BOUND on B_mf (tau>=tau_s; pinning ignored)
J1326-5859,2.092078,2C,869.3,Y,7.1,1.1,0.4,-8.219,B_eff=1/(2 pi nu tau): UPPER BOUND on B_mf (tau>=tau_s; pinning ignored)
J1326-6408,1.261552,2C,29.4,N,5.0,2.8,2.0,-5.899,B_eff=1/(2 pi nu tau): UPPER BOUND on B_mf (tau>=tau_s; pinning ignored)
J1326-6700,1.841567,2C,120.3,N,5.3,2.1,2.3,-6.363,B_eff=1/(2 pi nu tau): UPPER BOUND on B_mf (tau>=tau_s; pinning ignored)
J1327-6222,1.887045,2C,1121.6,N,5.6,2.4,2.4,-6.674,B_eff=1/(2 pi nu tau): UPPER BOUND on B_mf (tau>=tau_s; pinning ignored)
J1328-4357,1.877219,2C,9.1,N,5.7,2.3,2.5,-6.772,B_eff=1/(2 pi nu tau): UPPER BOUND on B_mf (tau>=tau_s; pinning ignored)
J1356-5521,1.970909,2C,6.2,N,5.2,2.4,2.1,-6.293,B_eff=1/(2 pi nu tau): UPPER BOUND on B_mf (tau>=tau_s; pinning ignored)
J1359-6038,7.842556,2C,1637.3,RR,7.6,0.8,0.7,-9.293,B_eff=1/(2 pi nu tau): UPPER BOUND on B_mf (tau>=tau_s; pinning ignored)
J1401-6357,1.186514,2C,789.2,Y,7.4,0.9,0.4,-8.272,B_eff=1/(2 pi nu tau): UPPER BOUND on B_mf (tau>=tau_s; pinning ignored)
J1413-6307,2.531948,2C,143.5,Y,6.1,1.6,2.5,-7.302,B_eff=1/(2 pi nu tau): UPPER BOUND on B_mf (tau>=tau_s; pinning ignored)
J1430-6623,1.273166,2C,49.5,N,5.0,2.7,2.0,-5.903,B_eff=1/(2 pi nu tau): UPPER BOUND on B_mf (tau>=tau_s; pinning ignored)
J1452-6036,6.451934,2C,40.4,N,5.7,2.2,2.5,-7.308,B_eff=1/(2 pi nu tau): UPPER BOUND on B_mf (tau>=tau_s; pinning ignored)
J1453-6413,5.571421,2C,175.8,N,5.2,2.5,2.2,-6.744,B_eff=1/(2 pi nu tau): UPPER BOUND on B_mf (tau>=tau_s; pinning ignored)
J1507-4352,3.487252,2C,30.1,N,5.4,2.3,2.3,-6.741,B_eff=1/(2 pi nu tau): UPPER BOUND on B_mf (tau>=tau_s; pinning ignored)
J1512-5759,7.770094,2C,276.5,Y,6.4,1.3,3.0,-8.089,B_eff=1/(2 pi nu tau): UPPER BOUND on B_mf (tau>=tau_s; pinning ignored)
J1522-5829,2.529374,2C,21.4,N,5.0,2.6,1.9,-6.201,B_eff=1/(2 pi nu tau): UPPER BOUND on B_mf (tau>=tau_s; pinning ignored)
J1527-5552,0.953543,2C,17.5,N,5.6,2.6,2.4,-6.378,B_eff=1/(2 pi nu tau): UPPER BOUND on B_mf (tau>=tau_s; pinning ignored)
J1534-5405,3.451961,2C,37.9,N,5.7,2.2,2.6,-7.036,B_eff=1/(2 pi nu tau): UPPER BOUND on B_mf (tau>=tau_s; pinning ignored)
J1539-5626,4.108545,2C,16.9,Y,6.2,1.2,2.9,-7.612,B_eff=1/(2 pi nu tau): UPPER BOUND on B_mf (tau>=tau_s; pinning ignored)
J1557-4258,3.037785,2C,33.4,N,5.0,2.8,2.0,-6.281,B_eff=1/(2 pi nu tau): UPPER BOUND on B_mf (tau>=tau_s; pinning ignored)
J1600-5044,5.191955,2C,287.2,RR,7.4,1.0,2.5,-8.914,B_eff=1/(2 pi nu tau): UPPER BOUND on B_mf (tau>=tau_s; pinning ignored)
J1604-4909,3.054195,2C,134.9,Y,6.6,1.2,3.0,-7.883,B_eff=1/(2 pi nu tau): UPPER BOUND on B_mf (tau>=tau_s; pinning ignored)
J1623-4256,2.742796,2C,17.7,N,6.1,2.0,2.8,-7.336,B_eff=1/(2 pi nu tau): UPPER BOUND on B_mf (tau>=tau_s; pinning ignored)
J1644-4559,2.197425,2C,2536.9,Y,7.7,0.7,0.4,-8.84,B_eff=1/(2 pi nu tau): UPPER BOUND on B_mf (tau>=tau_s; pinning ignored)
J1651-4246,1.18472,2C,118.2,N,5.3,2.6,2.3,-6.172,B_eff=1/(2 pi nu tau): UPPER BOUND on B_mf (tau>=tau_s; pinning ignored)
J1651-5255,1.122919,2C,17.6,N,5.6,2.1,2.5,-6.449,B_eff=1/(2 pi nu tau): UPPER BOUND on B_mf (tau>=tau_s; pinning ignored)
J1705-3423,3.915016,2C,25.4,N,5.3,2.7,2.3,-6.691,B_eff=1/(2 pi nu tau): UPPER BOUND on B_mf (tau>=tau_s; pinning ignored)
J1709-1640,1.531251,2C,59.6,N,5.2,2.7,2.2,-6.183,B_eff=1/(2 pi nu tau): UPPER BOUND on B_mf (tau>=tau_s; pinning ignored)
J1711-5350,1.112059,2C,7.6,N,5.3,2.4,2.2,-6.144,B_eff=1/(2 pi nu tau): UPPER BOUND on B_mf (tau>=tau_s; pinning ignored)
J1717-3425,1.523695,2C,8.3,N,5.2,2.5,2.2,-6.181,B_eff=1/(2 pi nu tau): UPPER BOUND on B_mf (tau>=tau_s; pinning ignored)
J1717-4054,1.126482,2C,43.1,N,5.1,2.7,2.1,-5.95,B_eff=1/(2 pi nu tau): UPPER BOUND on B_mf (tau>=tau_s; pinning ignored)
J1722-3712,4.234063,2C,397.7,N,5.3,2.4,2.3,-6.725,B_eff=1/(2 pi nu tau): UPPER BOUND on B_mf (tau>=tau_s; pinning ignored)
J1739-2903,3.097038,2C,12.4,N,5.1,2.5,2.1,-6.389,B_eff=1/(2 pi nu tau): UPPER BOUND on B_mf (tau>=tau_s; pinning ignored)
J1741-3927,1.952315,2C,182.1,RR,8.6,0.3,0.4,-9.689,B_eff=1/(2 pi nu tau): UPPER BOUND on B_mf (tau>=tau_s; pinning ignored)
J1745-3040,2.721551,2C,75.1,RR,7.3,1.1,3.3,-8.533,B_eff=1/(2 pi nu tau): UPPER BOUND on B_mf (tau>=tau_s; pinning ignored)
J1752-2806,1.777567,2C,349.7,Y,6.3,1.2,2.8,-7.348,B_eff=1/(2 pi nu tau): UPPER BOUND on B_mf (tau>=tau_s; pinning ignored)
J1759-2205,2.169276,2C,51.0,Y,6.5,1.4,3.0,-7.634,B_eff=1/(2 pi nu tau): UPPER BOUND on B_mf (tau>=tau_s; pinning ignored)
J1803-2137,7.481283,2C,73.4,RR,8.1,0.6,1.1,-9.772,B_eff=1/(2 pi nu tau): UPPER BOUND on B_mf (tau>=tau_s; pinning ignored)
J1820-0427,1.672009,2C,98.8,N,5.6,2.2,2.4,-6.621,B_eff=1/(2 pi nu tau): UPPER BOUND on B_mf (tau>=tau_s; pinning ignored)
J1823-3106,3.520424,2C,33.8,N,5.9,2.2,2.7,-7.245,B_eff=1/(2 pi nu tau): UPPER BOUND on B_mf (tau>=tau_s; pinning ignored)
J1824-1945,5.281576,2C,327.4,Y,7.3,0.8,0.4,-8.821,B_eff=1/(2 pi nu tau): UPPER BOUND on B_mf (tau>=tau_s; pinning ignored)
J1827-0750,3.696818,2C,46.5,N,5.7,2.3,2.5,-7.066,B_eff=1/(2 pi nu tau): UPPER BOUND on B_mf (tau>=tau_s; pinning ignored)
J1829-1751,3.25587,2C,199.6,RR,7.6,0.8,0.8,-8.911,B_eff=1/(2 pi nu tau): UPPER BOUND on B_mf (tau>=tau_s; pinning ignored)
J1832-0827,1.544818,2C,66.9,N,5.5,2.4,2.4,-6.487,B_eff=1/(2 pi nu tau): UPPER BOUND on B_mf (tau>=tau_s; pinning ignored)
J1833-0338,1.456157,2C,242.2,Y,7.2,0.8,0.4,-8.161,B_eff=1/(2 pi nu tau): UPPER BOUND on B_mf (tau>=tau_s; pinning ignored)
J1833-0827,11.724522,2C,25.9,N,5.2,2.5,2.2,-7.067,B_eff=1/(2 pi nu tau): UPPER BOUND on B_mf (tau>=tau_s; pinning ignored)
J1836-1008,1.777078,2C,91.8,N,5.6,2.4,2.5,-6.648,B_eff=1/(2 pi nu tau): UPPER BOUND on B_mf (tau>=tau_s; pinning ignored)
J1841+0912,2.622467,2C,21.0,N,5.3,2.5,2.2,-6.517,B_eff=1/(2 pi nu tau): UPPER BOUND on B_mf (tau>=tau_s; pinning ignored)
J1843-0000,1.135931,2C,19.2,N,5.4,2.5,2.3,-6.254,B_eff=1/(2 pi nu tau): UPPER BOUND on B_mf (tau>=tau_s; pinning ignored)
J1848-0123,1.516447,2C,45.9,N,5.1,2.6,2.0,-6.079,B_eff=1/(2 pi nu tau): UPPER BOUND on B_mf (tau>=tau_s; pinning ignored)
J1849-0636,0.689008,2C,12.3,Y,7.0,0.7,2.3,-7.636,B_eff=1/(2 pi nu tau): UPPER BOUND on B_mf (tau>=tau_s; pinning ignored)
J1901+0331,1.525655,2C,283.4,N,5.8,2.0,2.6,-6.782,B_eff=1/(2 pi nu tau): UPPER BOUND on B_mf (tau>=tau_s; pinning ignored)
J1903+0135,1.371164,2C,65.9,N,5.7,2.2,2.6,-6.635,B_eff=1/(2 pi nu tau): UPPER BOUND on B_mf (tau>=tau_s; pinning ignored)
J1903-0632,2.315408,2C,9.7,Y,5.3,1.9,1.9,-6.463,B_eff=1/(2 pi nu tau): UPPER BOUND on B_mf (tau>=tau_s; pinning ignored)
J1909+0007,0.983329,2C,65.3,N,5.3,2.6,2.2,-6.091,B_eff=1/(2 pi nu tau): UPPER BOUND on B_mf (tau>=tau_s; pinning ignored)
J1909+1102,3.525564,2C,192.3,RR,7.3,1.0,2.0,-8.645,B_eff=1/(2 pi nu tau): UPPER BOUND on B_mf (tau>=tau_s; pinning ignored)
J1913-0440,1.210741,2C,188.7,Y,6.8,0.9,1.8,-7.681,B_eff=1/(2 pi nu tau): UPPER BOUND on B_mf (tau>=tau_s; pinning ignored)
J1916+0951,3.700188,2C,13.3,N,5.3,2.5,2.3,-6.666,B_eff=1/(2 pi nu tau): UPPER BOUND on B_mf (tau>=tau_s; pinning ignored)
J1916+1312,3.548043,2C,109.1,Y,7.5,0.9,0.6,-8.848,B_eff=1/(2 pi nu tau): UPPER BOUND on B_mf (tau>=tau_s; pinning ignored)
J1917+1353,5.13777,2C,80.4,N,5.3,2.4,2.2,-6.809,B_eff=1/(2 pi nu tau): UPPER BOUND on B_mf (tau>=tau_s; pinning ignored)
J1932+1059,4.414642,2C,259.1,Y,6.7,1.0,2.4,-8.143,B_eff=1/(2 pi nu tau): UPPER BOUND on B_mf (tau>=tau_s; pinning ignored)
J1935+1616,2.787494,2C,30.6,N,5.3,2.6,2.2,-6.543,B_eff=1/(2 pi nu tau): UPPER BOUND on B_mf (tau>=tau_s; pinning ignored)
J2116+1414,2.271937,2C,6.7,N,5.3,2.6,2.3,-6.455,B_eff=1/(2 pi nu tau): UPPER BOUND on B_mf (tau>=tau_s; pinning ignored)
J0437-4715,173.687946,2C,65.7,Y,4.9,0.5,1.0,-7.938,B_eff=1/(2 pi nu tau): UPPER BOUND on B_mf (tau>=tau_s; pinning ignored)
J2145-0750,62.295888,2C,25.4,N,5.4,2.3,2.4,-7.993,B_eff=1/(2 pi nu tau): UPPER BOUND on B_mf (tau>=tau_s; pinning ignored)
J2241-5236,457.31015,2C,15.4,Y,4.6,0.5,0.6,-8.058,B_eff=1/(2 pi nu tau): UPPER BOUND on B_mf (tau>=tau_s; pinning ignored)
J1622-4950,0.231106,2C,424.7,Y,7.6,0.4,0.4,-7.762,B_eff=1/(2 pi nu tau): UPPER BOUND on B_mf (tau>=tau_s; pinning ignored)
