jname,bname,gno,mjd,df_1e9
J0007+7303,0007+7303,1,54953.0,554.0
J0007+7303,0007+7303,2,55466.0,1260.0
J0040-7335,0040-7335,1,59919.7,1.31
J0040-7337,0040-7337,1,60013.13,1810.0
J0048-7317,0048-7317,1,59707.46,1950.0
4U_0142+61,0146+6145,1,51141.0,650.0
4U_0142+61,0146+6145,2,53809.0,1627.0
B0144+59,0147+5922,1,53682.0,0.056
B0154+61,0157+6212,1,48512.0,4.0
B0154+61,0157+6212,2,57116.0,0.74
B0154+61,0157+6212,3,58283.0,2.6
J0205+6449,0205+6449,1,52555.0,340.0
J0205+6449,0205+6449,2,52920.0,3800.0
J0205+6449,0205+6449,3,54907.0,1761.0
J0205+6449,0205+6449,4,55719.0,126.0
J0205+6449,0205+6449,5,55836.0,2933.0
J0205+6449,0205+6449,6,56854.0,84.0
J0205+6449,0205+6449,7,57345.0,527.0
J0205+6449,0205+6449,8,57696.75,43.0
J0205+6449,0205+6449,9,58320.0,3140.0
J0215+6218,0215+6218,1,55965.0,0.06
B0355+54,0358+5413,1,46082.0,6.0
B0355+54,0358+5413,2,46470.0,4366.0
B0402+61,0406+6138,1,53041.0,0.62
B0410+69,0415+6954,1,57120.0,0.011
J0417+35,0417+35,1,57053.63,24.54
B0458+46,0502+4654,1,52616.0,0.33
B0523+11,0525+1115,1,56010.4,0.312
B0525+21,0528+2200,1,42051.5,1.9
B0525+21,0528+2200,2,52296.0,2.3
B0525+21,0528+2200,3,53379.0,0.2
B0525+21,0528+2200,4,53980.0,0.5
B0531+21,0534+2200,1,40491.8,7.2
B0531+21,0534+2200,2,41161.98,1.9
B0531+21,0534+2200,3,41250.32,2.1
B0531+21,0534+2200,4,42447.26,35.7
B0531+21,0534+2200,5,46663.69,6.0
B0531+21,0534+2200,6,47767.504,81.0
B0531+21,0534+2200,7,48945.6,4.2
B0531+21,0534+2200,8,50020.04,2.1
B0531+21,0534+2200,9,50260.031,31.9
B0531+21,0534+2200,10,50458.94,6.1
B0531+21,0534+2200,11,50489.7,0.8
B0531+21,0534+2200,12,50812.59,6.2
B0531+21,0534+2200,13,51452.02,6.8
B0531+21,0534+2200,14,51740.656,25.1
B0531+21,0534+2200,15,51804.75,3.5
B0531+21,0534+2200,16,52084.072,22.6
B0531+21,0534+2200,17,52146.758,8.9
B0531+21,0534+2200,18,52498.257,3.4
B0531+21,0534+2200,19,52587.2,1.7
B0531+21,0534+2200,20,53067.078,214.0
B0531+21,0534+2200,21,53254.109,4.9
B0531+21,0534+2200,22,53331.17,2.8
B0531+21,0534+2200,23,53970.19,21.8
B0531+21,0534+2200,24,54580.38,4.7
B0531+21,0534+2200,25,55875.49,39.0
B0531+21,0534+2200,26,57839.8,2.2
B0531+21,0534+2200,27,58064.555,516.37
B0531+21,0534+2200,28,58237.357,4.08
B0531+21,0534+2200,29,58470.7,2.3
B0531+21,0534+2200,30,58687.565,31.7
B0531+21,0534+2200,31,60872.9,2.33
B0531+21,0534+2200,32,60893.9,4.53
J0537-6910,0537-6910,1,51278.0,687.0
J0537-6910,0537-6910,2,51562.0,450.0
J0537-6910,0537-6910,3,51711.0,315.0
J0537-6910,0537-6910,4,51826.0,140.0
J0537-6910,0537-6910,5,51881.0,140.0
J0537-6910,0537-6910,6,51960.0,454.0
J0537-6910,0537-6910,7,52152.0,2.3
J0537-6910,0537-6910,8,52170.0,184.0
J0537-6910,0537-6910,9,52241.0,426.0
J0537-6910,0537-6910,10,52378.0,168.0
J0537-6910,0537-6910,11,52453.0,218.0
J0537-6910,0537-6910,12,52545.0,420.0
J0537-6910,0537-6910,13,52731.0,146.0
J0537-6910,0537-6910,14,52807.0,255.0
J0537-6910,0537-6910,15,52886.0,234.6
J0537-6910,0537-6910,16,53014.0,338.0
J0537-6910,0537-6910,17,53125.5,17.0
J0537-6910,0537-6910,18,53145.0,391.1
J0537-6910,0537-6910,19,53288.0,395.0
J0537-6910,0537-6910,20,53445.0,260.0
J0537-6910,0537-6910,21,53550.0,321.0
J0537-6910,0537-6910,22,53696.0,409.0
J0537-6910,0537-6910,23,53861.0,235.0
J0537-6910,0537-6910,24,53951.3,18.0
J0537-6910,0537-6910,25,53999.0,352.0
J0537-6910,0537-6910,26,54094.0,371.0
J0537-6910,0537-6910,27,54243.0,1.0
J0537-6910,0537-6910,28,54271.0,488.0
J0537-6910,0537-6910,29,54448.0,239.0
J0537-6910,0537-6910,30,54538.0,114.0
J0537-6910,0537-6910,31,54578.0,147.0
J0537-6910,0537-6910,32,54639.0,128.7
J0537-6910,0537-6910,33,54712.0,105.0
J0537-6910,0537-6910,34,54767.0,362.0
J0537-6910,0537-6910,35,54895.0,341.0
J0537-6910,0537-6910,36,55043.0,217.0
J0537-6910,0537-6910,37,55184.0,209.0
J0537-6910,0537-6910,38,55280.0,549.0
J0537-6910,0537-6910,39,55451.0,169.0
J0537-6910,0537-6910,40,55519.0,122.0
J0537-6910,0537-6910,41,55552.0,8.0
J0537-6910,0537-6910,42,55587.0,87.0
J0537-6910,0537-6910,43,55615.0,453.0
J0537-6910,0537-6910,44,55786.1,14.0
J0537-6910,0537-6910,45,55819.0,346.0
J0537-6910,0537-6910,46,58083.0,260.51
J0537-6910,0537-6910,47,58152.0,581.94
J0537-6910,0537-6910,48,58363.0,126.5
J0537-6910,0537-6910,49,58424.0,409.0
J0537-6910,0537-6910,50,58566.0,148.7
J0537-6910,0537-6910,51,58637.0,435.92
J0537-6910,0537-6910,52,58807.0,122.3
J0537-6910,0537-6910,53,58868.0,387.84
J0537-6910,0537-6910,54,58993.0,6.639
J0537-6910,0537-6910,55,59049.0,136.59
J0537-6910,0537-6910,56,59103.0,546.81
J0537-6910,0537-6910,57,59285.0,127.17
J0537-6910,0537-6910,58,59351.0,198.25
J0537-6910,0537-6910,59,59454.0,268.24
J0537-6910,0537-6910,60,59522.0,356.67
J0537-6910,0537-6910,61,59692.0,94.272
J0537-6910,0537-6910,62,59741.0,249.46
J0537-6910,0537-6910,63,59886.0,393.84
J0537-6910,0537-6910,64,60028.0,549.77
J0537-6910,0537-6910,65,60223.0,341.38
B0540-69,0540-6919,1,51335.0,1.4
B0559-05,0601-0527,1,51665.2,0.2
B0559-05,0601-0527,2,54347.0,0.05
J0611+1436,0611+1436,1,55818.0,5575.4
J0625+10,0625+10,1,55203.0,0.33
J0625+10,0625+10,2,57676.0,1.17
J0625+10,0625+10,3,58488.0,767.35
J0613-0200,0613-0200,1,50888.0,0.0025
J0631+1036,0631+1036,1,50183.5,4.7
J0631+1036,0631+1036,2,50480.1,4.2
J0631+1036,0631+1036,3,50608.277,57.3
J0631+1036,0631+1036,4,50729.0,1662.7
J0631+1036,0631+1036,5,51909.7,1.4
J0631+1036,0631+1036,6,52852.5,17.6
J0631+1036,0631+1036,7,53230.1,1.6
J0631+1036,0631+1036,8,53366.0,1.9
J0631+1036,0631+1036,9,53622.6,1.1
J0631+1036,0631+1036,10,54099.0,0.4
J0631+1036,0631+1036,11,54170.4,1.6
J0631+1036,0631+1036,12,54632.53,43.2
J0631+1036,0631+1036,13,55119.35,9.4
J0631+1036,0631+1036,14,55276.7,7.5
J0631+1036,0631+1036,15,55702.0,3277.9
J0631+1036,0631+1036,16,58341.7,27.8
J0631+1036,0631+1036,17,58352.13,96.4
J0633+1746,0633+1746,1,50382.0,0.6
B0656+14,0659+1414,1,50197.0,0.6
B0656+14,0659+1414,2,51017.0,1.3
J0726-2612,0726-2612,1,56913.0,2.8
J0726-2612,0726-2612,2,58791.0,510.0
B0727-18,0729-1836,1,51422.0,1.0
B0727-18,0729-1836,2,52150.0,4.0
J0729-1448,0729-1448,1,52010.0,24.8
J0729-1448,0729-1448,2,54317.7,23.0
J0729-1448,0729-1448,3,54483.6,13.0
J0729-1448,0729-1448,4,54592.0,12.0
J0729-1448,0729-1448,5,54687.0,6676.0
J0729-1448,0729-1448,6,58266.6,3.8
J0738-4042,0738-4042,1,57359.0,0.36
B0740-28,0742-2822,1,47625.0,1.2
B0740-28,0742-2822,2,48331.7,1.2
B0740-28,0742-2822,3,51770.0,1.0
B0740-28,0742-2822,4,52028.0,3.7
B0740-28,0742-2822,5,53083.0,1.7
B0740-28,0742-2822,6,53467.7,1.8
B0740-28,0742-2822,7,55020.469,92.0
B0740-28,0742-2822,8,56725.2,2.4
B0740-28,0742-2822,9,59839.4,4304.2
B0756-15,0758-1528,1,49963.0,0.11
B0818-13,J0820-1350,1,49927.0,0.035
B0818-13,J0820-1350,2,58063.0,0.082
B0833-45,0835-4510,1,40280.0,2340.0
B0833-45,0835-4510,2,41192.0,2050.0
B0833-45,0835-4510,3,41312.0,12.0
B0833-45,0835-4510,4,42683.0,1990.0
B0833-45,0835-4510,5,43693.0,3060.0
B0833-45,0835-4510,6,44888.4,1145.0
B0833-45,0835-4510,7,45192.0,2050.0
B0833-45,0835-4510,8,46257.228,1601.0
B0833-45,0835-4510,9,47519.8036,1805.0
B0833-45,0835-4510,10,48457.382,2715.0
B0833-45,0835-4510,11,48550.0,5.55
B0833-45,0835-4510,12,49559.0,835.0
B0833-45,0835-4510,13,49591.2,199.0
B0833-45,0835-4510,14,50369.345,2110.0
B0833-45,0835-4510,15,51457.0,38.0
B0833-45,0835-4510,16,51559.319,3085.72
B0833-45,0835-4510,17,53193.0,2100.0
B0833-45,0835-4510,18,53960.0,2620.0
B0833-45,0835-4510,19,55408.8,1940.0
B0833-45,0835-4510,20,56556.0,3100.0
B0833-45,0835-4510,21,56922.0,0.4
B0833-45,0835-4510,22,57734.4849906,1431.0
B0833-45,0835-4510,23,58515.5929,2501.2
B0833-45,0835-4510,24,59417.2108,1260.0
B0833-45,0835-4510,25,59479.0,0.2
B0833-45,0835-4510,26,60429.9,2396.0
J0834-4159,0834-4159,1,53415.0,102.7
B0844-35,0846-3533,1,55679.0,0.62
B0853-33,0855-3331,1,54521.0,0.06
J0901-4624,0901-4624,1,57179.0,0.9
J0905-5127,0905-5127,1,49552.0,13.6
J0905-5127,0905-5127,2,52931.0,8.3
B0919+06,0922+0638,1,55152.0,1256.2
J0940-5428,0940-5428,1,55346.0,1573.9
J0940-5428,0940-5428,2,58322.0,1100.5
J1016-5857,1016-5857,1,52549.0,1622.6
J1016-5857,1016-5857,2,55041.0,1912.0
J1016-5857,1016-5857,3,55595.0,1464.4
J1016-5857,1016-5857,4,56975.0,6.21
J1019-5749,1019-5749,1,55595.0,1.33
J1019-5749,1019-5749,2,55981.0,377.8
J1019-5749,1019-5749,3,59182.0,8.3
J1019-5749,1019-5749,4,59265.0,398.3
J1023-5746,1023-5746,1,55043.0,3570.0
J1023-5746,1023-5746,2,56004.0,2822.0
J1023-5746,1023-5746,3,56647.0,3306.0
J1023-5746,1023-5746,4,57192.0,22.0
J1023-5746,1023-5746,5,57727.0,3784.9
J1023-5746,1023-5746,6,58202.0,2729.0
J1023-5746,1023-5746,7,58823.0,1681.0
J1028-5819,1028-5819,1,57881.0,2296.5
B1046-58,1048-5832,1,48944.0,19.0
B1046-58,1048-5832,2,49034.0,3000.0
B1046-58,1048-5832,3,50791.49,768.0
B1046-58,1048-5832,4,52733.0,1838.4
B1046-58,1048-5832,5,53673.0,28.5
B1046-58,1048-5832,6,54495.0,3043.1
B1046-58,1048-5832,7,56756.0,2963.0
B1046-58,1048-5832,8,59203.9,8.89
B1046-58,1048-5832,9,59540.0,9.9
B1046-58,1048-5832,10,59732.0,0.91
B1046-58,1048-5832,11,60090.0,4.5
B1046-58,1048-5832,12,60406.6,4078.0
1E_1048.1-5937,1048-5937,1,52386.0,2900.0
1E_1048.1-5937,1048-5937,2,54185.9,16300.0
J1052-5954,1052-5954,1,54526.0,6747.8
J1055-6028,1055-6028,1,57035.0,105.7
J1105-6107,1105-6107,1,50417.0,279.7
J1105-6107,1105-6107,2,50610.0,2.0
J1105-6107,1105-6107,3,51598.0,971.7
J1105-6107,1105-6107,4,54711.0,23.0
J1105-6107,1105-6107,5,55288.0,954.4
J1112-6103,1112-6103,1,51395.0,1825.0
J1112-6103,1112-6103,2,53337.0,1202.0
J1112-6103,1112-6103,3,55288.0,1793.0
J1112-6103,1112-6103,4,57922.0,1283.0
J1119-6127,1119-6127,1,51398.0,4.4
J1119-6127,1119-6127,2,53290.0,321.0
J1119-6127,1119-6127,3,54240.0,5419.0
J1119-6127,1119-6127,4,57597.5,5790.0
J1123-6259,1123-6259,1,49705.87,749.0
J1124-5916,1124-5916,1,55191.0,16.0
J1141-3322,1141-3322,1,50521.31,0.4
J1248-6344,1248-6344,1,56043.0,1.7
B1254-10,1257-1027,1,58645.0,3.017
B1259-63,1302-6350,1,50691.0,3.2
J1301-6305,1301-6305,1,51923.0,4630.0
J1301-6305,1301-6305,2,53383.0,2664.0
J1301-6305,1301-6305,3,55124.0,4169.0
J1301-6305,1301-6305,4,57718.0,658.0
J1320-5359,1320-5359,1,56354.0,10.5
J1320-5359,1320-5359,2,56737.0,246.8
B1325-43,1328-4357,1,43590.0,116.0
B1338-62,1341-6220,1,47989.0,1509.0
B1338-62,1341-6220,2,48453.0,23.0
B1338-62,1341-6220,3,48645.0,996.0
B1338-62,1341-6220,4,49134.0,13.0
B1338-62,1341-6220,5,49363.0,146.0
B1338-62,1341-6220,6,49523.0,37.0
B1338-62,1341-6220,7,49766.0,15.0
B1338-62,1341-6220,8,49904.0,31.0
B1338-62,1341-6220,9,50008.0,1648.0
B1338-62,1341-6220,10,50322.0,30.0
B1338-62,1341-6220,11,50529.0,23.0
B1338-62,1341-6220,12,50683.0,708.0
B1338-62,1341-6220,13,51144.0,170.0
B1338-62,1341-6220,14,51617.0,1121.5
B1338-62,1341-6220,15,52093.0,480.0
B1338-62,1341-6220,16,52250.0,454.5
B1338-62,1341-6220,17,52788.0,219.2
B1338-62,1341-6220,18,53232.0,277.0
B1338-62,1341-6220,19,53471.0,985.0
B1338-62,1341-6220,20,54128.0,194.0
B1338-62,1341-6220,21,54468.0,3078.2
B1338-62,1341-6220,22,54870.0,3066.7
B1338-62,1341-6220,23,55088.0,1579.0
B1338-62,1341-6220,24,55484.0,2.4
B1338-62,1341-6220,25,55835.0,329.0
B1338-62,1341-6220,26,56098.0,151.2
B1338-62,1341-6220,27,56386.0,96.0
B1338-62,1341-6220,28,56479.0,37.0
B1338-62,1341-6220,29,56602.0,1709.7
B1338-62,1341-6220,30,57357.0,28.7
B1338-62,1341-6220,31,57492.0,21.7
B1338-62,1341-6220,32,57647.0,706.0
B1338-62,1341-6220,33,57880.0,60.0
B1338-62,1341-6220,34,58178.0,
B1338-62,1341-6220,35,58214.0,
J1341-6023,1341-6023,1,59450.0,5774.98
J1357-6429,1357-6429,1,52021.0,2428.0
J1357-6429,1357-6429,2,54803.0,1752.0
J1357-6429,1357-6429,3,55576.0,4860.0
J1357-6429,1357-6429,4,57795.0,2250.0
J1357-6429,1357-6429,5,58148.0,1930.0
J1406-6121,1406-6121,1,56193.0,143.5
J1410-6132,1410-6132,1,54652.0,272.6
J1412-6145,1412-6145,1,51868.0,7253.0
J1413-6205,1413-6205,1,54735.0,1730.0
J1413-6141,1413-6141,1,51290.0,39.0
J1413-6141,1413-6141,2,51463.0,970.0
J1413-6141,1413-6141,3,51796.3,59.7
J1413-6141,1413-6141,4,52092.0,811.0
J1413-6141,1413-6141,5,52899.4,46.9
J1413-6141,1413-6141,6,53125.0,1410.0
J1413-6141,1413-6141,7,54286.0,2409.8
J1413-6141,1413-6141,8,55744.0,235.0
J1413-6141,1413-6141,9,56147.0,200.0
J1413-6141,1413-6141,10,56567.0,371.0
J1413-6141,1413-6141,11,56975.0,30.0
J1413-6141,1413-6141,12,57236.0,266.0
J1413-6141,1413-6141,13,57509.0,356.0
J1413-6141,1413-6141,14,57838.0,2137.0
J1420-6048,1420-6048,1,51600.0,1146.2
J1420-6048,1420-6048,2,52754.0,2019.0
J1420-6048,1420-6048,3,53725.0,1270.0
J1420-6048,1420-6048,4,54652.0,937.1
J1420-6048,1420-6048,5,55410.0,1346.0
J1420-6048,1420-6048,6,56267.0,1954.2
J1420-6048,1420-6048,7,57210.0,1210.0
J1420-6048,1420-6048,8,58555.0,2777.0
B1449-64,1453-6413,1,54552.0,0.3
B1449-64,1453-6413,2,59015.0,1.14
J1452-6036,1452-6036,1,55055.22,29.0
J1452-6036,1452-6036,2,57115.0,0.13
J1524-5625,1524-5625,1,55745.0,2977.0
J1524-5625,1524-5625,2,59297.0,2076.0
B1508+55,1509+5531,1,41732.0,0.2
B1530+27,1532+2745,1,49732.0,0.29
J1531-5610,1531-5610,1,51731.0,2637.0
B1535-56,1539-5626,1,48165.0,2793.0
B1610-50,1614-5048,1,49803.0,6460.0
B1610-50,1614-5048,2,53013.0,6242.0
B1610-50,1614-5048,3,55734.0,4098.0
B1610-50,1614-5048,4,56443.0,5949.0
J1617-5055,1617-5055,1,46960.0,600.0
J1617-5055,1617-5055,2,54747.0,334.0
J1617-5055,1617-5055,3,55164.0,11.0
J1617-5055,1617-5055,4,55316.0,68.0
J1617-5055,1617-5055,5,55873.0,55.0
J1617-5055,1617-5055,6,56267.0,2068.0
J1636-2614,1636-2614,1,56472.0,0.71
B1641-45,1644-4559,1,43390.0,191.0
B1641-45,1644-4559,2,46453.0,803.6
B1641-45,1644-4559,3,47589.0,1.61
B1641-45,1644-4559,4,56600.0,717.4
B1643-43,1646-4346,1,53876.0,885.0
B1643-43,1646-4346,2,55288.0,8591.0
CXO_J164710.2-455216,1647-4552,1,53999.0,65000.0
J1650-4502,1650-4502,1,57778.0,12767.0
J1702-4128,1702-4128,1,57719.0,3090.0
J1702-4310,1702-4310,1,53943.0,4810.0
J1702-4310,1702-4310,2,57510.0,3129.0
B1702-19,1705-1906,1,48902.0,0.4
B1702-19,1705-1906,2,55171.0,0.28
B1702-19,1705-1906,3,55955.0,0.3
B1702-19,1705-1906,4,57954.0,0.18
J1705-3423,1705-3423,1,51956.0,0.59
J1705-3423,1705-3423,2,54408.0,0.57
J1705-3423,1705-3423,3,55503.0,0.6
J1705-3950,1705-3950,1,58236.0,9331.0
B1706-44,1709-4429,1,48775.0,2057.0
B1706-44,1709-4429,2,51488.0,1167.0
B1706-44,1709-4429,3,52716.0,2872.0
B1706-44,1709-4429,4,54710.0,2749.7
B1706-44,1709-4429,5,56339.0,2694.0
B1706-44,1709-4429,6,58176.0,52.4
1RXS_J1708-4009,1708-4008,1,51445.0,561.0
1RXS_J1708-4009,1708-4008,2,52016.0,4202.0
1RXS_J1708-4009,1708-4008,3,52990.0,308.0
1RXS_J1708-4009,1708-4008,4,53366.0,572.0
1RXS_J1708-4009,1708-4008,5,53549.0,2707.0
1RXS_J1708-4009,1708-4008,6,53636.0,737.0
B1717-16,1720-1633,1,51169.0,1.5
J1718-3825,1718-3825,1,54911.0,1.94
J1718-3825,1718-3825,2,57950.0,7.1
J1718-3825,1718-3825,3,59121.0,1.9
B1718-35,1721-3532,1,49971.0,7.5
J1718-3718,1718-3718,1,54610.0,33250.0
B1727-33,1730-3350,1,48000.0,3033.0
B1727-33,1730-3350,2,52107.0,3202.0
B1727-33,1730-3350,3,55908.0,2254.0
B1727-33,1730-3350,4,58398.0,5.9
B1727-47,1731-4744,1,49387.2,137.0
B1727-47,1731-4744,2,50718.1,4.4
B1727-47,1731-4744,3,52472.7,126.4
B1727-47,1731-4744,4,53582.0,2.7
B1727-47,1731-4744,5,56975.0,6.4
B1727-47,1731-4744,6,57984.0,3147.7
J1730-3353,1730-3353,1,54004.0,68.9
J1734-3333,1734-3333,1,56340.0,90.0
J1734-3333,1734-3333,2,58944.0,24.0
B1736-29,1739-2903,1,46965.0,3.3
B1737-30,1740-3015,1,46991.0,421.0
B1737-30,1740-3015,2,47289.0,31.0
B1737-30,1740-3015,3,47337.0,7.0
B1737-30,1740-3015,4,47466.0,26.0
B1737-30,1740-3015,5,47670.22,600.0
B1737-30,1740-3015,6,48158.0,10.0
B1737-30,1740-3015,7,48191.69,659.0
B1737-30,1740-3015,8,48218.0,48.0
B1737-30,1740-3015,9,48431.3,16.0
B1737-30,1740-3015,10,49047.5,17.0
B1737-30,1740-3015,11,49239.07,169.7
B1737-30,1740-3015,12,49459.0,10.0
B1737-30,1740-3015,13,49542.3,6.0
B1737-30,1740-3015,14,50574.83,442.5
B1737-30,1740-3015,15,50939.0,1444.0
B1737-30,1740-3015,16,51685.0,0.7
B1737-30,1740-3015,17,51827.0,0.9
B1737-30,1740-3015,18,52048.0,2.0
B1737-30,1740-3015,19,52245.0,4.0
B1737-30,1740-3015,20,52266.0,16.0
B1737-30,1740-3015,21,52346.6,158.0
B1737-30,1740-3015,22,52576.0,0.9
B1737-30,1740-3015,23,52779.7,1.7
B1737-30,1740-3015,24,52858.78,18.6
B1737-30,1740-3015,25,52942.5,20.2
B1737-30,1740-3015,26,53023.52,1850.9
B1737-30,1740-3015,27,53473.56,0.8
B1737-30,1740-3015,28,54450.19,45.9
B1737-30,1740-3015,29,54695.19,3.0
B1737-30,1740-3015,30,54810.9,5.2
B1737-30,1740-3015,31,54928.6,2.3
B1737-30,1740-3015,32,55213.0,2663.0
B1737-30,1740-3015,33,55936.4,18.3
B1737-30,1740-3015,34,57346.0,1.94
B1737-30,1740-3015,35,57468.599,229.4
B1737-30,1740-3015,36,58241.0,837.9
B1737-30,1740-3015,37,59934.8,328.3
B1737-30,1740-3015,38,60980.0,2810.0
J1737-3102,1737-3102,1,57087.0,18.0
J1737-3137,1737-3137,1,51559.0,4.0
J1737-3137,1737-3137,2,53040.0,234.0
J1737-3137,1737-3137,3,54348.0,1342.4
J1737-3137,1737-3137,4,57115.0,7.0
J1737-3137,1737-3137,5,58147.0,4498.0
J1737-3137,1737-3137,6,58858.8,1.53
J1737-3137,1737-3137,7,59848.0,215.6
B1740-31,1743-3150,1,49572.0,2.2
J1740+1000,1740+1000,1,54747.6,1.2
J1740+1000,1740+1000,2,56164.0,2910.9
J1746-2856,1746-2856,1,57038.0,24.4
J1751-3323,1751-3323,1,53004.0,2.3
J1751-3323,1751-3323,2,54435.0,3.0
J1751-3323,1751-3323,3,57019.0,13.0
J1751-3323,1751-3323,4,58438.0,3.4
B1754-24,1757-2421,1,55716.0,7807.0
B1757-24,1801-2451,1,49476.0,1987.9
B1757-24,1801-2451,2,50651.0,1247.4
B1757-24,1801-2451,3,52055.0,3755.8
B1757-24,1801-2451,4,53033.25,17.4
B1757-24,1801-2451,5,54661.0,3101.0
B1757-24,1801-2451,6,56979.0,2413.0
B1757-24,1801-2451,7,58564.76,2250.9
B1758-03,1801-0357,1,48000.0,3.1
B1758-23,1801-2304,1,46907.0,216.3
B1758-23,1801-2304,2,47855.0,230.7
B1758-23,1801-2304,3,48453.95,348.0
B1758-23,1801-2304,4,49701.7,66.0
B1758-23,1801-2304,5,50055.3,22.0
B1758-23,1801-2304,6,50363.06,81.0
B1758-23,1801-2304,7,50939.0,6.0
B1758-23,1801-2304,8,52093.0,646.7
B1758-23,1801-2304,9,53306.98,497.0
B1758-23,1801-2304,10,55360.0,2.9
B1758-23,1801-2304,11,55841.0,1.7
B1758-23,1801-2304,12,56149.024,513.8
B1758-23,1801-2304,13,57586.2,48.67
B1758-23,1801-2304,14,58846.0,5.0
B1758-23,1801-2304,15,58993.5,374.0
B1800-21,1803-2137,1,48245.0,4074.4
B1800-21,1803-2137,2,50264.1,7.1
B1800-21,1803-2137,3,50777.0,3184.0
B1800-21,1803-2137,4,53429.0,3929.3
B1800-21,1803-2137,5,55775.0,4793.0
B1800-21,1803-2137,6,58958.0,4960.6
J1806-2125,1806-2125,1,51708.0,15773.1
J1809-0119,1809-0119,1,55406.0,1.7
J1809-0119,1809-0119,2,55803.0,3.0
B1809-173,1812-1718,1,49932.0,1.5
B1809-173,1812-1718,2,53106.2,14.8
B1809-173,1812-1718,3,54365.8,1.4
J1809-1917,1809-1917,1,53251.0,1625.1
J1809-2004,1809-2004,1,54196.0,2.0
J1809-2004,1809-2004,2,56227.5,48.67
J1809-2004,1809-2004,3,58743.0,3.47
J1813-1246,1813-1246,1,55094.0,1166.0
J1814-1744,1814-1744,1,51371.0,8.0
J1814-1744,1814-1744,2,51678.0,10.0
J1814-1744,1814-1744,3,52075.0,34.0
J1814-1744,1814-1744,4,53241.0,3.0
J1814-1744,1814-1744,5,53756.4,11.0
J1814-1744,1814-1744,6,54768.4,17.0
J1814-1744,1814-1744,7,55626.0,16.0
B1815-14,1818-1422,1,52057.0,0.54
J1818-1607,1818-1607,1,59828.56,3700.0
J1819-1458,1819-1458,1,53925.79,725.0
J1819-1458,1819-1458,2,54176.5,72.0
B1821-11,1824-1118,1,54306.0,2877.0
J1821-1419,1821-1419,1,53074.0,225.0
J1821-1419,1821-1419,2,57372.0,109.0
J1821-1419,1821-1419,3,58860.0,222.4
J1821-1419,1821-1419,4,59586.0,34.0
B1821-24A,1824-2452A,1,51980.0,0.008
B1822-09,1825-0935,1,49942.1,2.8
B1822-09,1825-0935,2,50314.0,1.3
B1822-09,1825-0935,3,52056.0,29.8
B1822-09,1825-0935,4,52810.0,1.3
B1822-09,1825-0935,5,53734.6,4.0
B1822-09,1825-0935,6,54114.96,121.0
B1822-09,1825-0935,7,58486.2,3.8
B1823-13,1826-1334,1,46507.0,2746.0
B1823-13,1826-1334,2,49120.0,2984.6
B1823-13,1826-1334,3,53206.0,0.6
B1823-13,1826-1334,4,53259.0,3.0
B1823-13,1826-1334,5,53737.0,3581.0
B1823-13,1826-1334,6,56556.0,2599.7
B1823-13,1826-1334,7,58879.0,2481.5
B1824-10,1827-0958,1,48764.0,0.4
B1828-11,1830-1059,1,55040.9,6.3
J1828-1101,1828-1101,1,60719.0,1015.27
B1830-08,1833-0827,1,47541.3,0.9
B1830-08,1833-0827,2,48051.0,1865.6
B1830-08,1833-0827,3,54779.0,0.5
B1830-08,1833-0827,4,58922.0,0.15
B1830-08,1833-0827,5,60897.0,1.56
J1830-1135,1830-1135,1,52367.0,2.1
J1833-1034,1833-1034,1,54169.0,3.1
J1833-1034,1833-1034,2,54423.0,1.1
J1833-1034,1833-1034,3,54750.0,3.6
J1833-1034,1833-1034,4,55142.0,7.5
J1832+0029,1832+0029,1,53498.0,66.0
B1834-10,1836-1008,1,55744.0,3.6
B1834-10,1836-1008,2,58920.0,4702.0
B1834-10,1836-1008,3,59329.0,1.88
J1834-0731,1834-0731,1,53479.0,4.4
J1835-0024,1835-0024,1,58649.0,0.8
J1835-1020,1835-1020,1,57589.5,3.26
J1835-1106,1835-1106,1,52225.8,15.6
J1835-1106,1835-1106,2,58488.0,9.3
J1837-0604,1837-0604,1,55821.0,1398.0
J1837-0604,1837-0604,2,56511.0,16.7
J1837-0604,1837-0604,3,58233.7,70.0
J1837-0604,1837-0604,4,56910.0,3290.0
J1837-0559,1837-0559,1,53150.0,3.2
J1837-0559,1837-0559,2,56258.0,0.2
J1837-0559,1837-0559,3,58022.0,3.4
AX_1838.0-0655,X,1,55010.0,1550.0
J1838-0537,1838-0537,1,55100.0,5500.0
J1838-0453,1838-0453,1,52162.0,9902.0
J1838-0453,1838-0453,2,54140.0,9.0
J1838-0453,1838-0453,3,58692.0,71.0
B1838-04,1841-0425,1,53388.0,578.6
J1839-0223,1839-0223,1,56994.0,3.17
J1841-0345,1841-0345,1,56863.0,3879.0
B1841-05,1844-0538,1,47452.0,1.0
J1841-0524,1841-0524,1,53562.0,29.0
J1841-0524,1841-0524,2,54012.9,25.0
J1841-0524,1841-0524,3,54503.0,1032.0
J1841-0524,1841-0524,4,55525.0,804.9
J1841-0524,1841-0524,5,56564.6,21.6
J1841-0524,1841-0524,6,57101.53,1011.6
J1841-0524,1841-0524,7,58738.6,130.4
J1841-0524,1841-0524,8,59111.6,128.0
1E_1841-045,1841-0456,1,52464.0,15170.0
1E_1841-045,1841-0456,2,52997.05,2450.0
1E_1841-045,1841-0456,3,53823.97,1390.0
B1841-04,1844-0433,1,49358.0,0.22
J1841-0157,1841-0157,1,56923.6,33.3
J1842+0257,1842+0257,1,57112.0,12060.9
J1843-0509,1843-0509,1,59269.0,10.82
J1844-0310,1844-0310,1,54410.0,1.8
J1844+00,1844+00,1,51435.0,0.3
J1844+00,1844+00,2,51722.5,5.2
J1844+00,1844+00,3,56784.0,249.55
J1845-0316,1845-0316,1,52128.0,30.0
J1845-0316,1845-0316,2,54170.0,72.0
J1845-0316,1845-0316,3,58617.0,818.84
J1845-0743,1845-0743,1,57939.0,0.04
J1846-0258,1846-0258,1,52210.0,2.5
J1846-0258,1846-0258,2,53883.0,6200.0
B1846-06,J1849-0636,1,60237.0,0.66
B1844-04,1847-0402,1,55502.0,0.52
B1844-04,1847-0402,2,56041.0,0.102
B1844-04,1847-0402,3,58244.0,0.16
J1847-0130,1847-0130,1,53426.0,15.0
J1847-0130,1847-0130,2,54784.45,80.0
J1847-0130,1847-0130,3,58857.79,567.0
J1849-0001,1849-0001,1,60428.0,1740.0
J1849-0317,J1849-0317,1,58306.0,33.0
J1850-0026,1850-0026,1,56239.2,14.3
J1850-0026,1850-0026,2,56425.0,91.9
J1850-0026,1850-0026,3,57495.3,7.0
J1850-0026,1850-0026,4,57708.0,1196.7
J1851-0029,1851-0029,1,54493.0,0.9
J1853+0056,1853+0056,1,54970.0,5.4
B1853+01,1856+0113,1,54123.0,11569.0
B1853+01,1856+0113,2,57325.0,3489.0
J1853+0545,1853+0545,1,53450.0,1.49
J1854-1557,1854-1557,1,58639.0,8.21
J1856+0245,1856+0245,1,56388.0,2672.5
B1859+01,1901+0156,1,51318.0,42.4
B1859+01,1901+0156,2,58149.0,1053.02
B1859+07,1901+0716,1,46860.95,28.0
B1900+06,1902+0615,1,48653.7,0.4
B1900+06,1902+0615,2,49447.0,0.3
B1900+06,1902+0615,3,50316.0,0.3
B1900+06,1902+0615,4,51136.0,0.4
B1900+06,1902+0615,5,54239.0,0.26
B1900+06,1902+0615,6,55436.0,0.19
B1900+06,1902+0615,7,58675.0,0.57
J1904-1629,1904-1629,1,59553.0,4.26
B1907-03,1910-0309,1,48252.0,0.5
B1907-03,1910-0309,2,49228.2,2.5
B1907-03,1910-0309,3,53231.14,2.7
B1907+00,1909+0007,1,49530.0,0.4
B1907+00,1909+0007,2,51224.0,0.2
B1907+00,1909+0007,3,53546.0,0.5
B1907+03,1910+0358,1,52321.0,1.3
J1907+0602,1907+0602,1,55422.0,4660.0
J1907+0602,1907+0602,2,55866.0,1.49
J1907+0631,1907+0631,1,56987.0,2106.0
J1907+0631,1907+0631,2,57901.0,4986.0
J1909+0749,1909+0749,1,57491.0,2904.2
B1907+10,1909+1102,1,52700.0,0.3
J1909+0912,1909+0912,1,54977.0,4.4
J1909+0912,1909+0912,2,57552.0,7389.8
B1911+11,1914+1122,1,57693.0,0.26
J1913+0446,1913+0446,1,53500.0,6.5
J1913+0446,1913+0446,2,55367.0,2.5
J1913+0446,1913+0446,3,56553.0,0.8
J1913+0832,1913+0832,1,54653.908,38.0
J1913+0904,1913+0904,1,56132.8,3.2
J1913+1000,1913+1000,1,56600.0,491.0
B1913+10,1915+1009,1,54154.0,2.7
J1913+1011,1913+1011,1,54431.0,0.2
B1913+16,1915+1606,1,52770.0,0.037
B1917+00,1919+0021,1,50176.6,1.9
J1921+0812,1921+0812,1,55367.0,3632.9
B1923+04,1926+0431,1,51495.0,0.08
B1930+22,1932+2220,1,45989.0,629.0
B1930+22,1932+2220,2,46906.0,4427.0
B1930+22,1932+2220,3,50253.0,4472.0
J1931+1817,1931+1817,1,58392.0,8.4
J1931+1817,1931+1817,2,59018.0,29.23
B1933+16,J1935+1616,1,60481.65,0.72
B1935+25,1937+2544,1,52032.0,0.03
J1935+2025,1935+2025,1,59178.0,93.0
J1935+2025,1935+2025,2,59591.0,2840.0
B1946-25,1949-2524,1,50056.0,0.09
J1948+2819,1948+2819,1,59322.0,0.54
B1951+32,1952+3252,1,51967.0,2.3
B1951+32,1952+3252,2,52385.0,0.7
B1951+32,1952+3252,3,52912.0,1.3
B1951+32,1952+3252,4,53305.0,0.5
B1951+32,1952+3252,5,54103.44,5.2
B1951+32,1952+3252,6,55328.0,1489.9
B1953+50,1955+5059,1,46964.0,0.04
B1953+50,1955+5059,2,49038.0,0.021
J1954+2529,1955+2529,1,58813.0,0.26
J1957+2831,1957+2831,1,52485.0,0.3
J1957+2831,1957+2831,2,52912.0,0.13
J1957+2831,1957+2831,3,54692.8,5.8
J1957+2831,1957+2831,4,56897.3,2.25
J2004+3427,2004+3427,1,60337.0,4376.0
J2005-0020,2005-0020,1,55976.0,12.5
J2021+3651,2021+3651,1,52630.1,2587.0
J2021+3651,2021+3651,2,54177.0,745.0
J2021+3651,2021+3651,3,55110.0,2228.8
J2021+3651,2021+3651,4,57200.0,3069.0
J2021+3651,2021+3651,5,58668.0,1186.5
J2021+3651,2021+3651,6,60289.0,2523.6
B2020+28,2022+2854,1,47409.0,0.13
B2021+51,2022+5154,1,58311.0,0.33
J2022+3842,2022+3842,1,54680.0,1900.0
B2027+37,2029+3744,1,56993.6,6.2
J2032+4127,2032+4127,1,55820.0,273.3
J2032+4127,2032+4127,2,59496.0,36.15
J2111+4606,2111+4606,1,55700.0,1091.5
J2111+4606,2111+4606,2,57562.0,3258.0
B2113+14,2116+1414,1,47989.0,0.26
B2113+14,2116+1414,2,58627.0,0.4
B2217+47,2219+4754,1,55857.4,1.16
B2224+65,2225+6535,1,43072.0,1707.0
B2224+65,2225+6535,2,51900.0,0.14
B2224+65,2225+6535,3,52950.0,0.08
B2224+65,2225+6535,4,53434.0,0.2
B2224+65,2225+6535,5,54266.0,0.4
B2224+65,2225+6535,6,60280.0,3764.18
J2229+6114,2229+6114,1,53064.0,1139.3
J2229+6114,2229+6114,2,54110.0,327.0
J2229+6114,2229+6114,3,54781.54,4.5
J2229+6114,2229+6114,4,55134.0,198.4
J2229+6114,2229+6114,5,55601.0,1223.6
J2229+6114,2229+6114,6,56362.0,66.0
J2229+6114,2229+6114,7,56797.0,850.0
J2229+6114,2229+6114,8,58424.0,1047.1
J2229+6114,2229+6114,9,59262.0,283.9
B2255+58,2257+5909,1,49488.2,0.75
1E_2259+586,2301+5852,1,52443.9,4104.0
1E_2259+586,2301+5852,2,53750.0,30.8
1E_2259+586,2301+5852,3,54040.0,11167.0
1E_2259+586,2301+5852,4,54184.9032,880.0
1E_2259+586,2301+5852,5,54880.0,-14.0
B2323+63,2325+6316,1,53957.0,0.21
B2334+61,2337+6151,1,53642.0,20470.0
J2346-0609,2346-0609,1,57495.0,0.55
M82-X2,0955+6940,1,56685.8,20000.0
