grb_id,ra,dec,z,ecl_lat,exposure_ms,et
GRB260708A,225.61,-44.07,0.055,-25.7160826822602,23.67823991995419,mid
GRB260610B,218.1583,27.0,0.4735,39.4572920594076,27.710057583017342,mid
GRB260607A,304.2,36.48,0.1185,54.09728723828598,31.20027753573058,hi
GRB260601B,257.65,-1.65,1.068,21.222649923396467,22.23986208176446,mid
GRB260527A,193.0583,1.4667,0.8,6.507257312833609,17.266581252975275,lo
GRB260511B,192.6042,4.1,2.006,8.753067710685594,18.04352608959702,lo
GRB260421B,189.9792,-17.7667,2.115,-12.375561371260583,19.286374463777555,lo
GRB260310A,219.3167,71.85,0.153,71.86802222890374,34.00684379354665,hi
GRB260208A,204.7333,33.8,2.36,40.44292872426803,27.973805996544687,mid
GRB260131A,24.3458,34.35,1.434,22.47639826323671,22.646056560910246,mid
GRB260114A,74.5979,-8.0144,0.524,-30.508270983661305,25.15325477845279,mid
GRB260101A,86.429,63.5922,2.623,40.17867347469969,27.903466886458013,mid
GRB251230A,179.8975,11.4387,1.73,10.44298759793524,18.625140871556518,lo
GRB251222A,77.2125,-7.2167,3.171,-30.006253625701028,25.00189041081839,mid
GRB251214B,330.2105,-9.1629,0.7045,2.8085120846477145,15.979963115887891,lo
GRB251205A,200.2722,29.9289,1.1,35.253668987623854,26.543949664849556,mid
GRB251202A,122.1208,40.6,2.785,19.95510189335398,21.825673533149583,lo
GRB251201B,6.3941,-44.2336,1.599,-42.20324146068189,28.43524997293703,mid
GRB251126A,99.9433,54.9863,3.515,31.777793974873365,25.53252729005041,mid
GRB251118C,123.1583,10.95,1.216,-8.781300129845917,18.053265915833023,lo
GRB251103A,146.8375,16.1333,0.76,2.6320930576263484,15.918450677842952,lo
GRB251026B,133.2284,-6.2581,0.055,-22.83739442050448,22.762343263438623,mid
GRB251017A,335.401,7.0399,4.3335,16.068081830152668,20.53558764364041,lo
GRB251013C,345.8792,-0.1667,0.572,5.415331432904295,16.88749412764482,lo
GRB251003A,18.5295,56.4908,4.412,44.04366346230685,28.904127136483577,hi
GRB251002A,13.9042,-5.55,2.178,-10.59532249527646,18.67742210526317,lo
GRB251001B,42.6511,-23.0202,2.162,-37.36076230082295,27.13663321450921,mid
GRB250925A,341.2138,46.5557,3.899,48.95717065672435,30.084379134433036,hi
GRB250920C,51.4655,-29.6553,1.399,-46.41490691575455,29.48702517051305,hi
GRB250920B,187.317,47.8373,2.2,45.567956415680385,29.28162539928423,hi
GRB250919A,298.55,-48.8333,1.145,-27.431006799294266,24.21360354158741,mid
GRB250916A,26.5708,36.1667,2.015,23.44063632019475,22.95597393533465,mid
GRB250813B,336.7292,12.5,1.752,20.610122897834174,22.040140478854926,mid
GRB250807B,15.6374,-59.1189,1.522,-57.39934445519342,31.84892465303441,hi
GRB250725A,35.4793,-82.7912,5.26,-69.91782350877918,33.78402223877828,hi
GRB250706C,41.17,-50.04,0.942,-60.62413942904454,32.42841115375472,hi
GRB250704B,300.8708,12.0333,0.661,31.68151544750604,25.50394276395031,mid
GRB250702F,212.9333,16.7,1.52,28.085158142888222,24.41566719833012,mid
GRB250702FA,212.9361,16.7486,1.52,28.131157513277344,24.429830263890103,mid
GRB250625A,261.5089,22.2673,0.655,45.37649952338865,29.234759810475914,hi
GRB250617B,332.8969,32.7325,1.396,40.43202595350325,27.970909359553865,mid
GRB250430A,233.3869,-18.1184,0.767,1.03919391665488,15.362727220137444,lo
GRB250424A,217.5,-35.0252,0.31,-19.164351953655736,21.565580300371334,lo
GRB250416C,256.4208,25.7833,0.963,48.3518741266489,29.944803173271502,hi
GRB250407A,110.7542,36.8,1.36,14.581059874061824,20.034989024376387,lo
GRB250404A,125.0625,35.5167,2.627,15.544629572971896,20.359777969658392,lo
GRB250403A,194.5917,-24.3833,1.847,-16.708297560477018,20.74998456900604,lo
GRB250402A,213.3792,-5.95,2.823,7.040004465511781,17.451246378666056,lo
GRB250322A,106.7605,7.1931,0.42,-15.248138124556924,20.25999725456878,lo
GRB250309B,210.8,-8.5,1.898,3.7744614125344773,16.316582827009587,lo
GRB250226A,224.2708,20.9667,3.315,35.98559953458351,26.751637980203405,mid
GRB250225B,306.134,-41.481,0.95,-21.532785773534208,22.340671399008,mid
GRB250221A,59.4627,-15.1331,0.768,-34.76723003236372,26.404876462793716,mid
GRB250215A,156.3417,-27.7,4.61,-34.59773463094177,26.356223986420215,mid
GRB250205A,113.4583,32.3667,3.55,10.541737145893382,18.659034594427364,lo
GRB250129A,198.6767,5.0306,2.151,11.966546283823451,19.14681074080277,lo
GRB250114A,166.5768,-15.1116,4.732,-19.16775224604423,21.566701436276457,lo
GRB250108B,201.3266,25.6152,2.197,31.809552291618534,25.541949627627268,mid
GRB250103B,54.6641,-33.7494,1.416,-51.21745135047266,30.59057563951859,hi
GRB250103A,22.0833,-5.1,4.01,-13.327265169961208,19.610256296425128,lo
GRB250101A,37.0686,19.1943,2.49,4.312924286981287,16.50407322649807,lo
GRB241228B,127.7729,6.8482,2.674,-11.699436036180153,19.055553136631517,lo
GRB241209A,155.3963,6.3286,1.137,-3.638813536884753,16.269331846833047,lo
GRB241105A,66.2457,-49.7527,2.681,-69.31011301303207,33.71012812935627,hi
GRB241030B,50.7925,34.447,2.82,15.354629406058333,20.295851993949874,lo
GRB241030A,343.1395,80.4499,1.411,67.50427195704651,33.47816125422578,hi
GRB241029A,325.325,5.0833,1.072,17.86083530350041,21.134121618529335,lo
GRB241026A,293.4006,57.986,2.79,76.2828372759937,34.42956264963675,hi
GRB241025A,333.6535,83.5756,4.2,68.6656546705402,33.62946626447094,hi
GRB241010A,153.3814,11.5343,0.977,0.5059389646065875,15.176603719820148,lo
GRB240916A,235.9125,-7.75,2.61,11.694869524200026,19.053992226301023,lo
GRB240912A,124.635,33.999,1.234,13.986902280578162,19.834001625988524,lo
GRB240910A,24.0972,-0.2047,1.46,-9.536945750993606,18.31367106231493,lo
GRB240825A,344.5719,1.0269,0.659,7.021751592199179,17.444922835189384,lo
GRB240821A,354.2292,-10.1833,0.238,-7.056194757318774,17.456855151192336,lo
GRB240809A,237.5438,-2.3175,1.495,17.35374100645451,20.96540536389774,lo
GRB240804B,337.6458,-39.1167,3.662,-27.481576316041128,24.229267350704113,mid
GRB240619A,162.0,17.3,0.3965,8.944466264763003,18.109541564342194,lo
GRB240529A,335.3582,51.5619,2.695,55.260345812131405,31.43499695997736,hi
GRB240514B,341.9,-1.3,0.0579,5.896565153614831,17.054658095733387,lo
GRB240511A,336.6758,8.5128,0.416,16.952168860962924,20.831465386806727,lo
GRB240419A,94.5339,-44.9994,5.178,-68.30186701822977,33.58289238932719,hi
GRB240414A,184.7837,56.7413,1.833,51.75709618617365,30.70787201531067,hi
GRB240402B,245.4375,25.8,1.551,46.47179588463249,29.500708747661463,hi
GRB240315C,141.6417,-9.55,4.859,-23.3064024230207,22.91296260759092,mid
GRB240225B,128.4542,27.4833,0.946,8.45669686703805,17.941237767095068,lo
GRB240218A,161.7968,1.2763,6.782,-5.95769466948997,17.075882247709295,lo
GRB240209A,259.77,70.49,0.15,84.58512655949373,34.91075002868834,hi
GRB240205B,351.466,-55.123,0.824,-45.96635857389297,29.37863610335892,hi
GRB240118A,18.575,29.7833,0.68,20.228171431905718,21.915191989434526,mid
GRB231215A,9.7397,57.6474,2.305,47.650716409256425,29.781038447308926,hi
GRB231210B,95.7959,-48.372,3.13,-71.56494609157514,33.973654361187215,hi
GRB231118A,4.8302,-48.04,0.8304,-44.800874076461994,29.092900694932204,hi
GRB231117A,332.3899,13.5225,0.257,23.189432373682177,22.875447553715247,mid
GRB231111A,290.1885,52.4363,1.2845,72.72092460415115,34.097386761943696,hi
GRB231024A,13.7804,-15.2554,0.0647,-19.440152253261076,21.6564410070017,lo
GRB230818A,285.888,40.8969,2.42,62.856224143238535,32.79728987099286,hi
GRB230812B,267.1042,11.65,0.36,35.054454568217515,26.48709417426059,mid
GRB230506C,134.3676,45.1329,3.7,26.72163367554147,23.993125694723766,mid
GRB230427A,153.3127,48.204,0.1412,34.39790835538627,26.29873762769475,mid
GRB230414B,181.0947,53.1544,3.568,47.62727209786571,29.775524334769106,hi
GRB230328B,291.0078,80.0096,0.09,75.46419580237283,34.35981977216314,hi
GRB230325A,296.8498,-46.0761,1.664,-24.496426264165766,23.292729688389826,mid
GRB230307A,60.8208,-75.3833,0.065,-77.27271877312873,34.50859508406429,hi
GRB230205A,202.0709,46.7253,0.4703,50.39475345820656,30.409097419899346,hi
GRB230204B,197.5625,-22.0333,2.142,-13.469499284801422,19.658554028746032,lo
GRB230116D,98.6178,49.8729,3.81,26.61896466323846,23.961100492318323,mid
GRB221226B,22.9086,-41.5267,2.694,-46.400871361407454,29.483646983486274,hi
GRB221110A,29.0988,-27.2959,4.06,-36.34528671630829,26.85300002761099,mid
GRB221009A,288.2645,19.7735,0.151,41.74766403272319,28.317024968987077,mid
GRB221006A,337.325,15.7,0.731,23.321771820121448,22.91788948775747,mid
GRB220813A,81.5317,-33.0164,0.82,-56.080477921605436,31.59644398942532,hi
GRB220627A,201.2,-32.5,3.084,-21.817065000090626,22.432887194001676,mid
GRB220611A,66.5146,-37.2599,2.3608,-57.76167223393162,31.916730230460256,hi
GRB220527A,323.528,-14.9717,0.857,-0.4927623128207392,15.172004375350236,lo
GRB220521A,275.2298,10.3718,5.6,33.698832759863365,26.096549572215707,mid
GRB220219B,240.9125,31.2333,0.293,50.62079522067498,30.459277898134726,hi
GRB220211A,203.68,33.2168,0.53,39.513428867667905,27.725181091952358,mid
GRB220117A,91.5725,-28.4374,4.961,-51.86445731606846,30.73104200951072,hi
GRB220107A,169.8071,34.1707,1.246,27.198425423207482,24.141469686922584,mid
GRB220101A,1.3533,31.769,4.618,28.363492693982266,24.501272490215023,mid
GRB211227A,132.1489,-2.7353,0.228,-19.777058321474772,21.76722314155257,lo
GRB211211A,212.292,27.8886,0.108,38.09602609913065,27.339625873788954,mid
GRB211207A,149.6241,-24.3587,2.272,-34.170135727131665,26.233044048022155,mid
GRB211024B,154.7127,24.5682,1.1137,13.116777041947561,19.538729842393032,lo
GRB211023B,170.3097,39.1358,0.862,31.812749614578046,25.54289805820459,mid
GRB211023A,72.3,85.3,0.39,62.04874209006239,32.666933148907546,hi
GRB211018A,19.675,-3.6,0.64,-11.026922658225256,18.825404602783017,lo
GRB210919A,80.2544,1.3117,0.2413,-21.77307306704599,22.418628799569774,mid
GRB210905A,309.0485,-44.44,6.318,-24.94973575690639,23.43646033316846,mid
GRB210826A,45.3,-71.7,0.05,-73.71097531219634,34.19718075141638,hi
GRB210822A,304.4375,5.2834,1.736,24.277340578673176,23.223077665800037,mid
GRB210731A,300.3048,-28.0609,1.2525,-7.3852570552132475,17.570808450124584,lo
GRB210726A,193.2908,19.1902,0.36,22.82675175601726,22.758919356787963,mid
GRB210722A,27.0303,-6.3471,1.145,-16.32558091862975,20.621904128139736,lo
GRB210704A,159.0833,57.3167,1.27,44.06951382810929,28.910611890634733,hi
GRB210702A,168.5779,-36.7472,1.16,-37.736895980220595,27.240728535272158,mid
GRB210619B,319.7183,33.8504,1.937,46.43968838356352,29.492987645408853,hi
GRB210610B,243.9183,14.3991,1.13,35.043783486931446,26.4840447393076,mid
GRB210610A,204.2816,14.4653,3.54,22.80339656315724,22.751404698691093,mid
GRB210517A,358.2242,-39.1019,2.486,-34.686909971595455,26.381833563626095,mid
GRB210510A,192.33,44.86,0.221,45.022173886695036,29.14760767468691,hi
GRB210504A,222.3918,-30.5339,2.077,-13.599518727906897,19.702678976663446,lo
GRB210420B,254.3246,42.5702,1.4,64.5176134253103,33.054351721812495,hi
GRB210411C,296.6117,-39.3978,2.826,-17.908928078364212,21.150097913196852,lo
GRB210323A,317.9467,25.3693,0.733,39.33412922736065,27.676834232184675,mid
GRB210321A,87.8948,70.1305,1.487,46.6988415469376,29.55517782141016,hi
GRB210312B,155.8417,76.8833,1.069,58.93708642624097,32.13202494042331,hi
GRB210222B,154.606,-14.932,2.198,-23.655257224239875,23.024652104733253,mid
GRB210210A,262.7709,14.6629,0.715,37.87979142337799,27.28013694094512,mid
GRB210204A,117.0792,11.4167,0.876,-9.529471508590051,18.31109809045333,lo
GRB210116A,123.8139,-5.867,2.514,-24.995451392673804,23.45092620577013,mid
GRB210112A,219.0062,33.0543,2.0,45.256727406148606,29.20536065778542,hi
GRB210104A,103.7719,64.6761,0.46,41.61057756322231,28.281285096289533,mid
GRB201221D,171.059,42.1435,1.0455,34.73506542829549,26.395651496815436,mid
GRB201221A,214.4801,-45.4161,5.7,-29.694793895524302,24.907594786897604,mid
GRB201216C,16.3703,16.5161,1.1,8.820580034821964,18.06681575070221,lo
GRB201104C,240.32,-36.73,1.105,-15.76650525083124,20.434353880257984,lo
GRB201104B,5.2152,7.8415,1.954,5.126583452854582,16.7871283847734,lo
GRB201103B,42.1833,12.1333,1.105,-3.916325898975366,16.36599137495121,lo
GRB201024A,125.9523,3.354,0.999,-15.531856791959173,20.355482379383332,lo
GRB201021C,12.5289,-55.8658,1.07,-53.885805859175385,31.15687789690372,hi
GRB201020B,74.8708,76.9833,0.804,53.844515911552136,31.148378783064114,hi
GRB201020A,261.2278,31.4284,2.903,54.47429125704309,31.27709747420765,hi
GRB201015A,354.3186,53.416,0.426,49.48122415888119,30.203862009774582,hi
GRB201014A,20.7962,27.6603,4.56,17.507632448464324,21.016656855276004,lo
GRB200907B,89.029,6.9062,0.56,-16.529691886650067,20.690243744850445,lo
GRB200829A,251.2047,72.3293,1.25,81.30133408940533,34.76994817071754,hi
GRB200826A,6.8167,34.0333,0.7481,28.318017924605943,24.487301423413683,mid
GRB200817A,250.3368,51.785,0.73,72.28510570640135,34.051648286293855,hi
GRB200613A,153.0292,45.85,1.22,32.18471596984285,25.65301058920641,mid
GRB200524A,212.75,60.9667,1.256,65.0428355308028,33.13246984061922,hi
GRB200522A,5.682,-0.2832,0.554,-2.5170779370447347,15.878343359223017,lo
GRB200411A,47.6641,-52.3176,0.71,-64.93773369646374,33.11695941386979,hi
GRB200219A,342.6385,-59.1196,0.48,-46.59374566761508,29.52999330135857,hi
GRB200205B,107.7881,-56.4876,1.465,-76.92783490760883,34.48171923978381,hi
GRB191221B,154.8302,-38.1577,1.148,-44.416664004344106,28.997422187951486,hi
GRB191031D,283.2898,47.6441,1.215,69.85339193008423,33.77628773059099,hi
GRB191019A,340.0244,-17.3281,0.248,-8.253002618715842,17.870889701035686,lo
GRB191011A,44.7283,-27.8454,1.722,-42.53690739552526,28.521299774453283,hi
GRB191004B,49.2046,-39.6344,3.503,-54.80184956361021,31.343270114127915,hi
GRB190919B,311.8875,-44.7167,3.225,-25.792627590556123,23.70230498431395,mid
GRB190829A,44.5438,-8.9581,0.0785,-24.738793392124965,23.369642076083707,mid
GRB190719C,240.2069,13.0,2.469,32.870496725663465,25.854840662155887,mid
GRB190627A,244.8279,-5.2891,1.942,15.896141553269935,20.47788903822979,lo
GRB190324A,49.6156,-47.2146,1.1715,-61.54022597122242,32.583037951774855,hi
GRB190114C,54.5048,-26.9464,0.42,-44.785794489915965,29.089165247229964,hi
GRB190114A,65.544,2.1916,3.3765,-19.070883622740915,21.53475311553534,lo
GRB190106A,29.8798,23.8455,1.859,10.933080511960803,18.79324717811666,lo
GRB181213A,248.2702,78.4969,2.4,76.59156456567345,34.45483496652268,hi
GRB181201A,319.3208,-12.6333,0.45,3.0002399614830786,16.046802772415447,lo
GRB181123B,184.3667,14.598,1.754,15.102520669257988,20.210939667442535,lo
GRB181110A,302.3178,-36.8966,1.505,-16.37946327055141,20.639951768066272,lo
GRB181020A,13.9824,-47.3811,2.938,-47.751057933998474,29.804610844630705,hi
GRB181010A,52.5704,-23.0376,1.39,-40.52097645857646,27.994527914204177,mid
GRB180914B,332.45,24.8833,1.096,33.56973631390902,26.059030445254145,mid
GRB180821A,7.7902,-38.6271,0.58,-37.94166731908761,27.297177694720823,mid
GRB180805B,25.7817,-17.4935,0.661,-26.15505675860755,23.816038016125518,mid
GRB180728A,253.5647,-54.0445,0.117,-31.242611616568205,25.373260231585043,mid
GRB180727A,346.6663,-63.0518,1.95,-50.921714746523115,30.52570747123946,hi
GRB180720B,0.5286,-2.9189,0.654,-2.8880923645168934,16.007707553860268,lo
GRB180703A,6.5417,-67.0833,0.6678,-59.62260573984629,32.25426509908745,hi
GRB180624A,318.0975,-2.3381,2.855,13.179962566876464,19.560207538727038,lo
GRB180620B,357.5213,-57.9622,1.1175,-50.23032406079103,30.372443940893675,hi
GRB180618A,169.941,73.8371,0.477,59.52807032356679,32.23755420005307,hi
GRB180510B,77.9692,-62.3241,1.305,-83.31907815716943,34.864188862234855,hi
GRB180418A,170.1217,24.9331,1.55,18.95906401635102,21.49785057879646,lo
GRB180404A,83.5485,-37.1677,1.0,-60.373491131328585,32.38532611659984,hi
GRB180329B,82.9038,-23.6905,1.998,-46.895320548949364,29.60212939934968,hi
GRB180325A,157.4275,24.4635,2.25,13.943303767095596,19.81923269644711,lo
GRB180314A,99.2653,-24.4961,1.445,-47.53307286561083,29.753343703286955,hi
GRB180205A,126.8198,11.5419,1.409,-7.378133283002575,17.56834239336106,lo
GRB180115A,12.0386,-15.6305,2.487,-19.092609356925195,21.541920125992696,lo
GRB171222A,148.2777,35.6266,2.409,21.37240989148053,22.288568061547473,mid
GRB171205A,167.4146,-12.5885,0.0368,-16.53211097567943,20.69105326325881,lo
GRB171020A,39.2484,15.2041,1.87,-0.12839202569247454,15.044817234124691,lo
GRB171010A,66.74,-10.53,0.3293,-31.800445399614034,25.539248045657466,mid
GRB170903A,254.526,34.9791,0.886,57.14865377073787,31.801616167769964,hi
GRB170817A,191.75,-39.8,0.0098,-31.671957387676745,25.501103412731606,mid
GRB170728B,237.9812,70.1223,0.936,77.82110088021034,34.54987309323951,hi
GRB170728A,58.8882,12.1819,1.493,-8.006708905023252,17.785781059031972,lo
GRB170714A,34.3499,1.9914,0.793,-11.094409119719234,18.84852423577356,lo
GRB170705A,191.704,18.3073,2.01,21.39531239338653,22.296012191165246,mid
GRB170607A,7.3659,9.2433,0.557,5.568606499341783,16.94075160381998,lo
GRB170604A,342.6563,-15.4122,1.329,-7.441684907442582,17.590340835147583,lo
GRB170531B,286.8838,-16.4183,2.366,6.07245643682889,17.11572110215218,lo
GRB170519A,163.4269,25.3743,0.818,16.897062030960853,20.813062609259095,lo
GRB170428A,330.0781,26.9158,0.452,36.3169064140512,26.845019207372644,mid
GRB170405A,219.828,-25.2432,3.51,-9.255050604764012,18.216591367907817,lo
GRB170214A,256.3413,-1.8877,2.53,20.86060003577668,22.121910016303513,mid
GRB170202A,152.5145,5.0116,3.645,-5.8965684915658425,17.05465925473318,lo
GRB170127B,19.9771,-30.3581,2.21,-35.518271360736485,26.61925087752634,mid
GRB170113A,61.7328,-71.943,1.968,-78.78014388544109,34.61775567281943,hi
GRB161219B,91.7143,-26.7915,0.1475,-50.21654880830835,30.369367503843996,hi
GRB161129A,316.2275,32.1349,0.645,46.140792443647705,29.420892101679144,hi
GRB161117A,322.0523,-29.6136,1.549,-13.928680977648808,19.814278623629907,lo
GRB161108A,180.7879,24.8682,1.159,23.00388578179786,22.815871118822372,mid
GRB161104A,77.8937,-51.4601,0.793,-73.73118845864441,34.19915856495732,hi
GRB161023A,311.0333,-47.6667,2.708,-28.435557191660465,24.52340037226319,mid
GRB161017A,142.7692,43.1268,2.013,26.84359326745918,24.03113061027298,mid
GRB161014A,332.6478,7.4687,2.823,17.485844099519785,21.009403165486077,lo
GRB161001A,71.92,-57.2608,0.78,-77.4835964850613,34.52468002911728,hi
GRB160821B,279.9762,62.3914,0.16,84.0243743006514,34.89132546033329,hi
GRB160804A,221.6298,9.9991,0.736,24.805570353906372,23.3908067102528,mid
GRB160703A,287.4168,36.9175,1.5,58.70912510895136,32.090831191398465,hi
GRB160629A,4.8208,76.9833,3.332,62.42152200695941,32.727550890838685,hi
GRB160625B,308.5979,6.9189,1.406,24.78029631142392,23.382797564059576,mid
GRB160624A,330.1926,29.6438,0.483,38.72936321380534,27.512850658020746,mid
GRB160623A,315.2967,42.2205,0.367,55.462210462845434,31.475048702377315,hi
GRB160525B,149.3846,51.2066,0.64,36.027788269783194,26.763551076029163,mid
GRB160509A,311.7537,76.108,1.17,74.13167326584959,34.237852160156805,hi
GRB160425A,280.3274,-54.3601,0.555,-31.17193589304491,25.35215960733786,mid
GRB160411A,349.3569,-40.2423,0.815,-32.454881492481356,25.732705986131386,mid
GRB160410A,150.6849,3.4785,1.717,-7.974385543486444,17.77460762378246,lo
GRB160408A,122.6246,71.1283,1.9,49.446754549124584,30.196041995848418,hi
GRB160327A,146.7023,54.0129,4.99,37.88379768570289,27.28124070798462,mid
GRB160314A,112.7905,16.9997,0.726,-4.729800251983717,16.649137222032596,lo
GRB160303A,168.7007,22.742,1.01,16.427595119968085,20.656069086879608,lo
GRB160228A,107.3162,26.9318,1.64,4.415659088336233,16.539830448337824,lo
GRB160227A,194.8075,78.6792,2.38,66.86582713214189,33.39174664950805,hi
GRB160203A,161.9513,-24.7891,3.52,-29.773126735746022,24.931338020035916,mid
GRB160131A,78.168,-7.0497,0.971,-29.93286963232651,24.979699637838195,mid
GRB160121A,109.0881,-23.5921,1.96,-45.37210559145609,29.233682378376656,hi
GRB160117B,132.1948,-16.3667,0.87,-32.771436697463635,25.825782012680232,mid
GRB160104A,76.796,11.3238,2.8,-11.511897613266914,18.991428279125465,lo
GRB151229A,329.3698,-20.7321,1.015,-7.7728256050613895,17.70491325325337,lo
GRB151215A,93.5844,35.5159,2.59,12.113732161260113,19.197058071702557,lo
GRB151112A,2.0537,-61.6633,4.1,-54.51914697176459,31.28619061744456,hi
GRB151111A,56.8448,-44.1615,3.5,-61.41316127086814,32.561858227566496,hi
GRB151031A,83.1958,-39.1218,1.167,-62.29204448379963,32.70658147848562,hi
GRB151029A,38.528,-35.3857,1.423,-47.163495688151656,29.66593659351073,hi
GRB151027B,76.2195,-6.4502,4.063,-29.140389426081736,24.73902412902507,mid
GRB151027A,272.4869,61.3533,0.81,84.6804053258139,34.9138609998582,hi
GRB151021A,337.6435,-33.1973,2.33,-22.069776516737853,22.51470935239641,mid
GRB150915A,319.6584,-34.9136,1.968,-18.298010057672048,21.279189624770552,lo
GRB150910A,5.6671,33.4727,1.359,28.246282368695258,24.465250193504446,mid
GRB150831A,221.0242,-25.6349,1.18,-9.296434666905503,18.230848238316348,lo
GRB150821A,341.9132,-57.8939,0.755,-45.35972179905206,29.230645309362863,hi
GRB150818A,230.356,68.3425,0.282,74.96230922708172,34.31510717736478,hi
GRB150728A,292.2287,33.916,0.461,54.83522803835573,31.349983210691725,hi
GRB150727A,203.9688,-18.3253,0.313,-7.762632582133801,17.701387865144756,lo
GRB150518A,234.2083,16.2667,0.256,34.52283075987494,26.33469166205166,mid
GRB150514A,74.8762,-60.9684,0.807,-81.32298023898093,34.77108950230826,hi
GRB150424A,152.3057,-26.6309,1.0,-35.20541639090596,26.530191229024595,mid
GRB150423A,221.579,12.2835,1.394,26.945032652128784,24.062709877212807,mid
GRB150413A,190.396,71.839,3.139,63.399447862410966,32.882998438283664,hi
GRB150403A,311.5048,-62.7114,2.06,-42.74972971453742,28.575945629070006,hi
GRB150323A,128.1781,45.4647,0.593,25.765804079460107,23.693873667427056,mid
GRB150314A,126.6704,63.8343,1.758,43.060444962491715,28.655390638949896,hi
GRB150301B,89.1662,-57.9696,1.5169,-81.40031716843106,34.77514417609398,hi
GRB150206A,10.0736,-63.1821,2.087,-58.232569305919434,32.003841985348345,hi
GRB150120B,39.2907,8.0779,3.5,-6.919289873409193,17.409421308484678,lo
GRB150120A,10.3189,33.9949,0.46,26.994646290960258,24.078144844837155,mid
GRB150101B,188.0205,-10.9336,0.134,-6.864786269460175,17.390533438981425,lo
GRB141225A,138.7788,33.7919,0.915,17.004294290307378,20.848867569389483,lo
GRB141221A,198.2867,8.2052,1.452,14.742511999022026,20.089511250706487,lo
GRB141220A,195.0657,32.1464,1.3195,35.150050420100946,26.514394457022203,mid
GRB141212A,39.1248,18.147,0.596,2.707552787716348,15.944762499510581,lo
GRB141121A,122.6693,22.2173,1.47,2.1164302096720924,15.73860551721827,lo
GRB141118A,156.875,19.0833,0.108,8.761796238311295,18.046537399856458,lo
GRB141109A,144.5308,-0.6079,2.993,-13.918256805916384,19.810746814203256,lo
GRB141028A,322.6023,-0.2313,2.33,13.761548211567554,19.757633313640994,lo
GRB141026A,44.0845,26.9283,3.35,9.716308885741237,18.375398941416606,lo
GRB141004A,76.7339,12.8198,0.571,-10.016710322792752,18.478707792165647,lo
GRB140930B,6.3477,24.2946,1.465,19.71818273227272,21.747880315026663,lo
GRB140907A,48.1457,46.6049,1.21,27.588624147953663,24.26240147496825,mid
GRB140906A,252.1417,55.5514,0.0838,76.10912025743255,34.41509416849163,hi
GRB140903A,238.0136,27.6026,0.351,46.392915557874694,29.481731732480284,hi
GRB140829A,250.5589,50.1287,0.483,70.84195685311295,33.89233882394471,hi
GRB140808A,221.222,49.2146,3.29,59.986825362495345,32.318208209795266,hi
GRB140801A,44.0688,30.938,1.32,13.555481963531195,19.68773683611798,lo
GRB140713A,281.1059,59.6335,0.935,81.46846082915151,34.7786870001263,hi
GRB140710A,41.0678,35.4992,0.558,18.664567871775134,21.400543351368057,lo
GRB140703A,12.9957,45.1019,3.14,35.92824538803366,26.73543231523758,mid
GRB140629A,248.9767,41.8769,2.275,62.736722281424285,32.77822019913771,hi
GRB140623A,225.4793,81.1905,1.92,71.82237910351046,34.00187947307458,hi
GRB140622A,317.1732,-14.4193,0.959,1.9150031431616448,15.668337750637555,lo
GRB140620A,281.8708,49.7333,2.04,72.11646328170897,34.033653599511105,hi
GRB140614A,231.1691,-79.1288,4.233,-57.413034933532956,31.85149893818618,hi
GRB140606B,327.75,33.6833,0.384,43.27194356498525,28.709237940302277,hi
GRB140518A,227.2525,42.4182,4.707,56.56609743885038,31.690439828986875,hi
GRB140515A,186.0644,15.1047,6.32,16.23947611317306,20.59305341476751,lo
GRB140512A,289.3699,-15.0942,0.725,7.08814597755528,17.467923376678623,lo
GRB140509A,46.5945,-62.6394,2.4,-71.38069137843233,33.95321734437209,hi
GRB140508A,255.6292,46.75,1.0285,68.79452312859321,33.6457845893278,hi
GRB140506A,276.7752,-55.6358,0.889,-32.30274219003171,25.68785606432096,mid
GRB140430A,102.9359,23.0237,1.6,0.11675711744452028,15.040755894283635,lo
GRB140428A,194.3685,28.385,4.7,31.534302328578548,25.460178739424173,mid
GRB140423A,197.2856,49.8415,3.26,51.025084681675644,30.548428198167848,hi
GRB140419A,126.9898,46.2404,3.956,26.289234370067557,23.858054741378997,mid
GRB140408A,290.716,-12.5951,4.0,9.38336063222765,18.26078886414573,lo
GRB140331A,134.8644,2.7173,4.65,-13.775763814117726,19.762452904882032,lo
GRB140318A,184.0892,20.2091,1.02,20.093961145315706,21.87121428234924,lo
GRB140311A,209.3052,0.6419,4.952,11.827328880218891,19.0992585538386,lo
GRB140304A,30.6428,33.4738,5.283,19.689863825611564,21.738573959115165,lo
GRB140301A,69.5575,-34.2567,1.416,-55.539787861761646,31.490386378095998,hi
GRB140226A,221.4917,15.0,1.98,29.473046760133908,24.840281409732917,mid
GRB140213A,105.1547,-73.1371,1.2076,-81.65308814923975,34.788145268360296,hi
GRB140206A,145.3344,66.7607,2.73,48.91802826216288,30.075403995616345,hi
GRB140129B,326.7569,26.2064,0.515,36.92790484580462,27.016192513375504,mid
GRB140114A,188.5215,27.9507,3.0,28.82276213772352,24.642035403062447,mid
GRB140108A,325.1123,58.7444,0.6,64.47113588029639,33.047365791230334,hi
GRB131231A,10.5903,-1.6529,0.642,-5.712645288303952,16.99078715987085,lo
GRB131229A,85.2317,-4.3963,1.04,-27.746679149027024,24.31126451702484,mid
GRB131227A,67.3783,28.883,5.3,6.988162772011607,17.433285643153635,lo
GRB131202A,344.0543,-21.6625,7.5,-13.716399223039051,19.74232427148354,lo
GRB131117A,332.3307,-31.7623,4.042,-19.020572574104705,21.518152611255417,lo
GRB131108A,156.502,9.6622,2.4,-0.13529328025693307,15.047226220038784,lo
GRB131105A,70.9674,-62.9952,1.686,-81.18586032330253,34.76381193821703,hi
GRB131103A,348.919,-44.6404,0.599,-36.17658590510765,26.805517030475208,mid
GRB131030A,345.0673,-5.3681,1.293,0.9292178427262969,15.32434399784689,lo
GRB131011A,2.0,-4.0,1.874,-4.4649206794218745,16.556974375573365,lo
GRB131004A,296.1129,-2.9584,0.717,18.01989543723819,21.18694442891093,lo
GRB130925A,41.179,-26.1532,0.347,-39.7537358806137,27.78978263471962,mid
GRB130907A,215.8918,45.6075,1.238,54.958775459975996,31.374782835556275,hi
GRB130831A,358.6245,29.4295,0.4791,27.3305499229864,24.18246594157513,mid
GRB130822A,27.9218,-3.2085,0.154,-13.728690423881464,19.746492243045164,lo
GRB130716A,179.5771,63.0529,2.2,54.73955268520865,31.330726098175695,hi
GRB130702A,217.3116,15.774,0.145,28.77975367729194,24.628879758541185,mid
GRB130701A,357.2295,36.1004,1.155,33.78770256211228,26.122344956860474,mid
GRB130612A,259.7941,16.72,2.006,39.70887009152237,27.777738447535697,mid
GRB130610A,224.4203,28.2072,2.092,42.76603480253709,28.580124530363477,hi
GRB130606A,249.3964,29.7963,5.91,51.17129854447399,30.580479588914606,hi
GRB130604A,250.187,68.2264,1.06,82.24026954953355,34.81685963160736,hi
GRB130603B,172.2006,17.0714,0.356,12.576149121559027,19.354739428640762,lo
GRB130528A,139.5051,87.3012,1.25,64.72942713023873,33.08603843082604,hi
GRB130518A,355.6678,47.4649,2.489,44.1366850893926,28.927449053174023,hi
GRB130515A,283.4401,-54.2791,0.8,-31.265188539785363,25.37999737083294,mid
GRB130514A,296.283,-7.9761,3.6,13.055446064370742,19.51787725477176,lo
GRB130511A,196.6457,18.71,1.3033,23.71773416399167,23.044623457462045,mid
GRB130505A,137.061,17.4848,2.27,0.985910843213421,15.344130823788863,lo
GRB130427B,314.8985,-22.5463,2.78,-5.253186762779476,16.83114009393962,lo
GRB130427A,173.136,27.6977,0.34,22.603987244752805,22.687191368701598,mid
GRB130420A,196.1065,59.4242,1.297,57.78424605777614,31.920932309220756,hi
GRB130418A,149.037,13.6674,1.218,1.0275067992253808,15.358648310032777,lo
GRB130408A,134.4054,-32.3608,3.758,-46.98054132891476,29.62244081220319,hi
GRB130215A,43.486,13.387,0.597,-3.088653983042299,16.077621526984387,lo
GRB130211A,147.5362,-42.3424,4.3,-50.87705180211344,30.51587491074913,hi
GRB130131B,173.9557,15.0382,2.539,11.396777595029723,18.952044161404558,lo
GRB130131A,171.1266,48.076,1.55,39.91421758700124,27.832799580429786,mid
GRB121229A,190.1013,-50.5941,2.707,-41.6532778715634,28.29242567447412,mid
GRB121226A,168.6422,-30.4064,1.37,-32.13575068291383,25.638541045379917,mid
GRB121217A,153.7097,-62.3509,3.1,-63.440448543377606,32.88940228241509,hi
GRB121211A,195.5333,30.1485,1.023,33.56709080706841,26.05826099744875,mid
GRB121209A,326.7872,-8.2353,2.1,4.830982627406664,16.68433366897538,lo
GRB121201A,13.4673,-42.9429,3.385,-43.85746184902888,28.85733355779164,hi
GRB121128A,300.6,54.2998,2.2,70.88549398265874,33.897320751545905,hi
GRB121123A,307.3179,-11.8599,2.7,6.951690826571732,17.42064861586266,lo
GRB121031A,170.7702,-3.517,0.1126,-6.8900117098155595,17.399275421234737,lo
GRB121027A,63.5978,-58.8297,1.773,-75.79777981046873,34.38871687199962,hi
GRB121024A,70.472,-12.2908,2.298,-34.16728872606218,26.232221798004712,mid
GRB121011A,260.2135,41.1103,0.58,63.974153413201115,32.97192404210864,hi
GRB120923A,303.7949,6.2212,7.8,25.34351913678813,23.560888759148156,mid
GRB120922A,234.7483,-20.1818,3.1,-0.6669927716439358,15.232819140429857,lo
GRB120909A,275.7365,-59.4486,3.93,-36.081071875996756,26.778587984319667,mid
GRB120907A,74.75,-9.315,0.97,-31.817490843802904,25.544304401443043,mid
GRB120815A,273.9578,-52.1311,2.358,-28.729860893767448,24.61361150542509,mid
GRB120811C,199.6826,62.3008,2.671,60.99936625037114,32.49228689196246,hi
GRB120805A,216.5384,5.8253,3.1,19.19101317807296,21.574370352155412,lo
GRB120804A,233.948,-28.7825,1.05,-9.200555251086627,18.197815079640563,lo
GRB120802A,44.8426,13.7683,3.796,-3.1000735079391455,16.081601881258166,lo
GRB120729A,13.0743,49.9397,0.8,40.11310974429166,27.885972663785964,mid
GRB120724A,245.1806,3.5077,1.48,24.613443976326316,23.32988250922216,mid
GRB120722A,230.4966,13.2511,0.9586,30.60071294622196,25.181042522938093,mid
GRB120716A,313.0875,9.55,2.486,26.02051221416075,23.773857841158556,mid
GRB120714B,355.4088,-46.1839,0.3984,-39.79025957665035,27.799581602965766,mid
GRB120712A,169.5885,-20.0338,4.15,-22.447771409906824,22.636822021314067,mid
GRB120711A,94.6785,-70.9991,1.405,-85.25284924783804,34.931392384293524,hi
GRB120630A,352.3001,42.4949,0.6,41.229656149210584,28.18157639807132,mid
GRB120624B,170.8846,8.9286,2.1974,4.596777380700296,16.60285720115435,lo
GRB120521C,214.2864,42.1447,6.0,51.42382382614571,30.635596332246912,hi
GRB120422A,136.91,14.0188,0.283,-2.3724574680359685,15.827907254094942,lo
GRB120404A,235.0095,12.8851,2.876,31.484455447260423,25.445344422421034,mid
GRB120401A,58.0825,-17.6358,4.5,-36.85085750988991,26.994682328507213,mid
GRB120327A,246.8645,-29.4149,2.8115,-7.583517587645394,17.639424789412722,lo
GRB120326A,273.9047,69.2598,1.798,86.9287062335662,34.97127278947141,hi
GRB120305A,47.5365,28.4917,0.225,10.35605641272325,18.595294639551664,lo
GRB120302A,122.3981,29.6281,0.7,9.30127220591943,18.23251466775027,lo
GRB120224A,40.9422,-17.7613,1.1,-31.87836947511107,25.56235579976559,mid
GRB120211A,87.7538,-24.7753,2.4,-48.19072512753335,29.907361871957264,hi
GRB120119A,120.0289,-9.0816,1.728,-29.00486366742428,24.69767724703187,mid
GRB120118B,124.871,-7.1848,2.943,-26.010743269621358,23.770793356872538,mid
GRB111229A,76.2869,-84.7109,1.3805,-71.65854710874895,33.9839611790882,hi
GRB111228A,150.0667,18.2977,0.714,5.715910610659053,16.991921308426313,lo
GRB111225A,13.1551,51.5721,0.297,41.48933236765054,28.249611843604402,mid
GRB111215A,349.5555,32.494,2.06,33.62142327175524,26.074058906507613,mid
GRB111211A,153.0917,11.1833,0.478,0.07694644040148785,15.02685936658014,lo
GRB111209A,14.3443,-46.8011,0.677,-47.41611814059455,29.725749461972732,hi
GRB111129A,307.434,-52.7129,1.0796,-32.58900459066011,25.77218206673435,mid
GRB111123A,154.8464,-20.6447,3.1516,-28.79615816092253,24.63389828507404,mid
GRB111117A,12.7042,23.0167,2.211,16.154046665633018,20.564416506703253,lo
GRB111107A,129.4777,-66.5201,2.893,-74.5460323443618,34.27689691528666,hi
GRB111008A,60.451,-32.7093,5.0,-51.90158167452516,30.73904110402024,hi
GRB111005A,223.315,-19.722,0.0131,-3.0231103903912504,16.054775031959366,lo
GRB110918A,32.575,-27.2833,0.982,-37.65488993097732,27.21807810426311,mid
GRB110818A,317.337,-63.981,3.36,-44.930061169547216,29.12486231219468,hi
GRB110808A,57.2678,-44.1945,1.348,-61.580090259643576,32.5896648971283,hi
GRB110801A,89.437,80.9559,1.858,57.51694104846339,31.871005522402747,hi
GRB110731A,280.5041,-28.5372,2.83,-5.434873353333675,16.894284989091165,lo
GRB110726A,286.717,56.0712,1.036,76.88203794740171,34.47809729846807,hi
GRB110721A,333.6591,-38.5932,0.382,-25.74479181326579,23.687267642675753,mid
GRB110715A,237.6837,-46.2351,0.82,-25.47169972887199,23.601304554684262,mid
GRB110709B,164.6545,-23.4549,2.109,-27.500230084195092,24.23504350448902,mid
GRB110503A,132.7759,52.2077,1.613,33.10030617599931,25.922128751811016,mid
GRB110422A,112.0472,75.1068,1.77,52.36350977502929,30.838017935245034,hi
GRB110402A,197.4023,61.2526,0.854,59.498752769151494,32.2323622399546,hi
GRB110213B,41.6125,1.1833,1.083,-14.19106444428155,19.903123863497537,lo
GRB110213A,42.9641,49.2732,1.46,31.225938177978545,25.368283706587782,mid
GRB110205A,164.6297,67.5253,2.22,53.85174320690253,31.14986705358353,hi
GRB110128A,193.8963,28.065,2.339,31.060945237510133,25.31899095981123,mid
GRB110106B,134.1545,47.0026,0.618,28.45092385402601,24.528116860284875,mid
GRB110106A,79.3062,64.1736,0.093,40.9622729785221,28.111238803449588,mid
GRB101225A,0.198,44.6003,0.847,40.033660795883456,27.864750869957877,mid
GRB101224A,285.9241,45.7137,0.4536,67.49943238392936,33.477514826189264,hi
GRB101219B,12.2306,-34.5665,0.5519,-36.15251453105784,26.798733481702207,mid
GRB101219A,74.5854,-2.5397,0.718,-25.071346539876917,23.474929945573876,mid
GRB101213A,241.3138,21.8974,0.414,41.755217143388556,28.31899192973092,mid
GRB100906A,28.6838,55.6304,1.727,40.50542930048142,27.990402017041,mid
GRB100905A,31.5502,14.9295,7.9,2.0207898416147403,15.705242490901973,lo
GRB100902A,48.6291,30.9789,4.5,12.49289521948603,19.326370995997188,lo
GRB100901A,27.2643,22.7586,1.408,10.77160849166041,18.737890868312157,lo
GRB100816A,351.7398,26.5783,0.8035,27.490993240422153,24.232183430956308,mid
GRB100814A,22.4734,-17.9954,1.44,-25.34459232030837,23.561227315866784,mid
GRB100728B,44.0561,0.2812,2.106,-15.788848120791984,20.441859173021776,lo
GRB100728A,88.7584,-15.2557,1.567,-38.68836693409191,27.501683770518046,mid
GRB100724A,194.5432,-11.1026,1.288,-4.511549377932402,16.57320094833066,lo
GRB100704A,133.6415,-24.2028,3.6,-39.69459353689259,27.77390427364092,mid
GRB100628A,225.943,-31.653,0.386,-13.776364731907183,19.762656630775872,lo
GRB100625A,15.7955,-39.0884,0.452,-41.493205876494,28.25062465038117,mid
GRB100621A,315.3046,-51.1064,0.542,-32.57659964605827,25.768533427687714,mid
GRB100615A,177.2054,-19.4812,1.398,-18.92084668072032,21.48523246980733,lo
GRB100518A,304.8042,-24.5333,4.0,-4.808644281109923,16.67656368839644,lo
GRB100513A,169.6119,3.6279,4.772,-0.7750242082911701,15.270526234370976,lo
GRB100508A,76.2458,-20.7114,0.5201,-43.30473538500416,28.717569991826,hi
GRB100425A,299.1965,-26.4308,1.755,-5.591915765661362,16.948849513574856,lo
GRB100424A,209.4478,1.5385,2.465,12.716195096729274,19.40243875952798,lo
GRB100418A,256.3623,11.4616,0.6235,34.13655821702539,26.223344672401225,mid
GRB100414A,192.1248,8.693,1.368,12.782949191849598,19.425165808857493,lo
GRB100413A,266.2214,15.8342,3.9,39.21193708029433,27.64381483861856,mid
GRB100316D,107.6276,-56.2555,0.059,-76.77858531979334,34.46986974421911,hi
GRB100316B,163.4881,-45.4727,1.18,-47.169413980737104,29.667341120738826,hi
GRB100316A,251.9788,71.8271,3.155,81.76645672678609,34.79385121063087,hi
GRB100302A,195.5161,74.5901,4.813,65.89148419764882,33.25546954977487,hi
GRB100219A,154.2022,-12.5661,4.6667,-21.627891599419645,22.37154248936981,mid
GRB100216A,154.263,35.524,0.038,23.111169819654595,22.850328569345027,mid
GRB100213B,124.2823,43.4477,0.604,23.09946427331845,22.84657032153042,mid
GRB100206A,47.1626,13.157,0.41,-4.312153845577725,16.503805053149218,lo
GRB100205A,141.3877,31.7401,11.0,15.7565294693283,20.43100260422899,lo
GRB091208B,29.3922,16.8897,1.063,4.574425593377255,16.59507993053365,lo
GRB091127A,36.5829,-18.9524,0.49,-31.479909655920597,25.44399121185875,mid
GRB091117A,30.9458,-16.95,0.096,-27.590045782341733,24.262841290979377,mid
GRB091109A,309.2575,-44.1582,3.076,-24.72033846293941,23.363790869414732,mid
GRB091029A,60.1775,-55.9556,2.752,-72.44506236694863,34.06856365708222,hi
GRB091024A,339.24,56.885,1.092,57.72432700205388,31.909772714074197,hi
GRB091020A,175.73,50.9783,1.71,43.95963573649563,28.883028618569533,hi
GRB091018A,32.1859,-57.5483,0.971,-62.61126963538211,32.758117713796956,hi
GRB091003A,251.5198,36.6247,0.8969,58.22483589889124,32.002420634382034,hi
GRB090927A,343.9725,-70.9804,1.37,-56.2637475720027,31.632057842166596,hi
GRB090926B,46.3081,-39.006,1.24,-53.22259271808293,31.019350281395887,hi
GRB090926A,353.4002,-66.3241,2.1062,-55.275494454010676,31.43800967173952,hi
GRB090902B,264.9392,27.3242,1.822,50.63885490933472,30.46327671604566,hi
GRB090814A,239.6103,25.631,0.696,44.929723319492574,29.12477881976167,hi
GRB090812A,353.2022,-10.6048,2.452,-7.040367295543183,17.45137207534128,lo
GRB090809A,328.68,-0.0838,2.737,11.854628836851386,19.108585257320673,lo
GRB090726A,248.6804,72.8842,2.71,80.36864396359069,34.718092450890246,hi
GRB090715B,251.3399,44.8389,3.0,66.08738226920245,33.28329424803701,hi
GRB090709A,289.927,60.7275,1.8,79.47548964000835,34.663537194068184,hi
GRB090618A,293.9945,78.3568,0.54,76.3958862947909,34.43888230820795,hi
GRB090530A,179.4188,26.594,1.266,24.02385866093865,23.142340385284573,mid
GRB090529A,212.469,24.4589,2.625,35.04746175296794,26.48509590861886,mid
GRB090519A,142.2791,0.1801,3.875,-13.914932464120849,19.809620461803974,lo
GRB090516A,138.2605,-11.8544,4.1045,-26.59264353943301,23.952885593992512,mid
GRB090515A,164.1513,14.4419,0.403,7.101005553239201,17.472377847202946,lo
GRB090510A,333.5521,-26.5831,0.903,-14.603834887883979,20.042682556548,lo
GRB090429B,210.6671,32.1705,9.4,41.31824648719234,28.204817660507974,mid
GRB090426A,189.0753,32.986,2.609,33.51374615789177,26.042740634770094,mid
GRB090424A,189.5213,16.8375,0.544,19.191924909076846,21.57467091944246,lo
GRB090423A,148.8886,18.1494,8.0,5.191497809176613,16.809695973921674,lo
GRB090418A,269.3132,33.4059,1.608,56.84268183299776,31.74343964364936,hi
GRB090417B,209.6945,47.018,0.345,53.662654562339284,31.11084472773942,hi
GRB090417A,34.993,-7.141,0.088,-19.90123878723305,21.807997600481045,lo
GRB090407A,68.9795,-12.6792,1.4485,-34.3072975119031,26.272625217593074,mid
GRB090404A,239.2395,35.5161,3.0,54.21485142125786,31.224308327932828,hi
GRB090328A,90.6653,-41.8816,0.736,-65.31814144143527,33.17280880702984,hi
GRB090323A,190.7096,17.0533,3.57,19.860500461556985,21.794624751315894,lo
GRB090313A,198.401,8.0973,3.375,14.687341070709726,20.070884605193758,lo
GRB090205A,220.9109,-27.8529,4.6497,-11.43939028311798,18.966624407525934,lo
GRB090201A,92.0522,-46.5903,2.1,-70.00018906387997,33.79387498748969,hi
GRB090113A,32.0575,33.4284,1.7493,19.222265611662,21.584672286603915,lo
GRB090102A,128.2439,33.1142,1.547,13.86070089966108,19.791243457080856,lo
GRB081230A,37.3311,-25.1475,2.03,-37.46238210055468,27.16480833562426,mid
GRB081228A,39.4623,30.8528,3.62,14.683384611301767,20.069548656196638,lo
GRB081222A,22.74,-34.0949,2.77,-39.91417736002612,27.83278881023385,mid
GRB081221A,15.7927,-24.5481,2.26,-28.66236891519609,24.592945925949447,mid
GRB081211B,168.264,53.8299,0.216,43.860364059207384,28.85806402462505,hi
GRB081210A,70.4842,-11.2574,2.0631,-33.14905922649925,25.93638106452687,mid
GRB081203A,233.0316,63.5208,2.075,74.35224149898654,34.25876151931949,hi
GRB081121A,89.2756,-60.6028,2.512,-84.03347313752305,34.89165585788177,hi
GRB081118A,82.5923,-43.3011,2.58,-66.39228751651461,33.32617661971314,hi
GRB081109A,330.7899,-54.7112,0.9787,-39.55006392284578,27.735044154480168,mid
GRB081029A,346.7723,-68.1555,3.8479,-54.85887276346795,31.354735292903115,hi
GRB081028A,121.8948,2.3083,3.038,-17.487242785450693,21.00986883651336,lo
GRB081008A,279.9578,-57.4314,1.967,-34.21532684025489,26.246092099139325,mid
GRB081007A,339.96,-40.1469,0.5295,-29.16672886456427,24.74705358085072,mid
GRB080928A,95.0701,-55.1997,1.692,-78.38346300545223,34.590343453660935,hi
GRB080916C,119.8472,-56.6383,4.35,-72.94555653673002,34.12053015017213,hi
GRB080916A,336.2758,-57.023,0.689,-43.04369988922813,28.65111940385433,hi
GRB080913A,65.728,-25.1296,6.695,-45.882859195776874,29.35836147886883,hi
GRB080906A,228.0444,-80.5176,2.065,-58.89393873478427,32.12424872493443,hi
GRB080905B,301.7412,-62.5631,2.374,-41.17884806841182,28.16823291177102,mid
GRB080905A,287.6741,-18.8802,0.1218,3.538640136481888,16.234433306371514,lo
GRB080825B,209.2833,-68.95,4.31,-51.84776230729922,30.72744262387799,hi
GRB080810A,356.7928,0.3198,3.35,1.5686696210649609,15.54750059008572,lo
GRB080805A,314.2227,-62.4446,1.505,-42.963772415908316,28.630715913550848,hi
GRB080804A,328.6675,-53.1846,2.2045,-37.62994224674892,27.211182476766922,mid
GRB080721A,224.4827,-11.7235,2.5987,4.9613366212044,16.729669750505714,lo
GRB080710A,8.2735,19.5015,0.845,14.615351089821276,20.046572493334388,lo
GRB080707A,32.6183,33.1095,1.23,18.757533293474854,21.431279312627602,lo
GRB080607A,194.9467,15.9197,3.036,20.506646724277427,22.006320792847546,mid
GRB080605A,262.1252,4.0155,1.6398,27.21343837726661,24.146130433903934,mid
GRB080604A,236.9653,20.5578,1.416,39.376411224812,27.688246472404458,mid
GRB080603B,176.5319,68.0611,2.69,57.35727667160922,31.841008430663486,hi
GRB080603A,279.3792,62.7333,1.688,84.46259403864934,34.906668253065476,hi
GRB080602A,19.1757,-9.2322,1.8204,-16.031206128553553,20.523217315857792,lo
GRB080520A,280.1929,-54.9919,1.545,-31.79509048812898,25.537659373645507,mid
GRB080517A,102.242,50.7352,0.089,27.665639672185055,24.28621981712375,mid
GRB080516A,120.6425,-26.1598,3.2,-45.37123802464253,29.23346963320212,hi
GRB080514B,322.8208,0.7333,1.8,14.601989910769616,20.04205934218697,lo
GRB080430A,165.3111,51.6857,0.767,41.0975390683756,28.14685757231117,mid
GRB080413B,326.1444,-19.9812,1.1,-6.041662464973445,17.105031987389633,lo
GRB080413A,287.299,-27.6779,2.433,-5.154664496678394,16.796891091849897,lo
GRB080411A,37.98,-71.302,1.03,-71.35765549118868,33.95064847938218,hi
GRB080330A,169.2688,30.6228,1.51,23.804257066184487,23.07226553156707,mid
GRB080325A,277.893,36.5239,1.78,59.61833591604536,32.253511340575514,hi
GRB080319C,258.9812,55.3918,1.95,77.65967364912241,34.53790791562827,hi
GRB080319B,217.9207,36.3024,0.937,47.748897193920044,29.804103718086026,hi
GRB080319A,206.3332,44.08,2.0265,49.90822533348099,30.30027725755052,hi
GRB080310A,220.0575,-0.1749,2.42,14.666355760462727,20.063798371602964,lo
GRB080210A,251.2667,13.8266,2.641,35.806698310184935,26.70104980974756,mid
GRB080207A,207.5122,7.5022,2.0858,17.5756978202229,21.039311296642747,lo
GRB080129A,105.284,-7.8463,4.349,-30.35570647452026,25.107336627645687,mid
GRB080123A,338.9431,-64.9009,0.495,-50.374104865878785,30.404501538177445,hi
GRB080121A,137.235,41.841,0.046,24.255465298281855,23.21611642801654,mid
GRB071227A,58.1296,-55.9835,0.383,-71.70647438626283,33.98921905052043,hi
GRB071122A,276.6052,47.0751,1.14,70.20783635559512,33.8185417881856,hi
GRB071117A,335.0439,-63.4433,1.331,-48.21462337734889,29.91292183743942,hi
GRB071112C,39.2122,28.3713,0.823,12.398233687842124,19.294104364967836,lo
GRB071031A,6.4053,-58.0595,2.692,-53.326333965605556,31.041004733493413,hi
GRB071028B,354.163,-31.63,0.94,-26.532965130844246,23.934252795569876,mid
GRB071025A,355.0712,31.7785,5.2,30.812660942388327,25.244653222866326,mid
GRB071021A,340.573,23.764,2.452,29.39339839687979,24.816067387077396,mid
GRB071020A,119.666,32.857,2.145,11.971715455698606,19.148575893980066,lo
GRB071010B,150.531,45.733,0.947,31.360016087254557,25.408277076210616,mid
GRB071010A,288.04,-32.385,0.98,-9.904811639431673,18.4402365624078,lo
GRB071003A,301.857,10.954,1.3522,30.40068071177241,25.120880226371064,mid
GRB070810A,189.9634,10.7512,2.17,13.813735693702142,19.775325274680387,lo
GRB070809A,203.767,-22.119,0.3459,-11.358533084112308,18.93895665776985,lo
GRB070802A,36.8991,-55.5276,2.45,-63.068712606941816,32.83100673054922,hi
GRB070729A,56.3167,-39.3224,0.52,-56.871775389906894,31.748991968066502,hi
GRB070724A,27.8085,-18.5944,0.457,-27.93293291797342,24.368754293645353,mid
GRB070721B,33.1373,-2.1946,3.626,-14.620638257583366,20.048358321872566,lo
GRB070714B,57.8426,28.2976,0.92,7.956599232903685,17.768458932495406,lo
GRB070612A,121.355,37.258,0.617,16.564032877276404,20.70173458448788,lo
GRB070611A,1.9917,-29.7556,2.04,-27.862382890370192,24.346989676566707,mid
GRB070529A,283.7425,20.6594,2.4996,43.254596988884735,28.70482854423175,hi
GRB070521A,242.6609,30.2562,1.5855,50.13025153102789,30.350074462032076,hi
GRB070506A,347.2183,10.7224,2.31,14.90189322979002,20.143294501385984,lo
GRB070429B,328.0153,-38.8288,0.904,-24.27504268389132,23.222346477008585,mid
GRB070419B,315.7074,-31.2635,1.9591,-13.810374882606908,19.77418605285853,lo
GRB070419A,182.7452,39.9253,0.97,37.116627453987114,27.068788484860605,mid
GRB070411A,107.3334,1.0645,2.954,-21.260103410696367,22.25204761697256,mid
GRB070328A,65.1153,-34.0669,2.0627,-54.375947434537835,31.25712632491101,hi
GRB070318A,48.4868,-42.9462,0.836,-57.471082676826974,31.862403239048277,hi
GRB070306A,148.097,10.4821,1.4965,-2.2806379896567432,15.795882633118982,lo
GRB070224A,179.0274,-13.3302,1.9922,-12.597882416805712,19.362143450723835,lo
GRB070223A,153.4519,43.1336,1.6295,29.837568819515965,24.950856952191202,mid
GRB070208A,197.8859,61.9651,1.165,60.14009688008623,32.344907791997244,hi
GRB070129A,37.0041,11.6843,2.3384,-2.7881033280842016,15.972847610761994,lo
GRB070125A,117.824,31.1512,1.547,9.994274268343057,18.470995242707097,lo
GRB070110A,0.9133,-52.974,2.352,-47.41727882463863,29.726023614836606,hi
GRB070103A,352.5575,26.8762,2.6208,27.433575128692258,24.214399249713235,mid
GRB061222B,105.3528,-25.8598,3.355,-48.1891861702632,29.907003742229122,hi
GRB061222A,358.2644,46.5327,2.088,42.38944854615189,28.483327679586623,mid
GRB061217A,160.4129,-21.1241,0.827,-27.067527833799822,24.100806187235357,mid
GRB061210A,144.521,15.613,0.4097,1.4082924867021538,15.491537317772911,lo
GRB061202A,105.5253,-74.6985,2.2543,-80.43589650378252,34.722006524090816,hi
GRB061201A,332.1336,-74.58,0.111,-56.61781430428416,31.700379548482434,hi
GRB061126A,86.6019,64.2107,1.1588,40.79444293030363,28.066943612001484,mid
GRB061121A,147.2273,-13.1951,1.314,-24.775659323059692,23.38132796161897,mid
GRB061110B,323.9187,6.8758,3.44,20.024242213504404,21.84835405405247,lo
GRB061110A,336.2912,-2.2584,0.758,7.103535034418706,17.47325402781921,lo
GRB061021A,145.1505,-21.9515,0.3463,-33.62772027001884,26.075889201416302,mid
GRB061007A,46.3317,-50.5007,1.261,-62.99615480844023,32.81952108621104,hi
GRB061006A,111.0315,-79.1988,0.4377,-76.12128822506524,34.41611342421173,hi
GRB060927A,329.5502,5.3636,5.535,16.646526421327913,20.7293293732645,lo
GRB060926A,263.9319,13.0385,3.204,36.32321736970116,26.846794161538675,mid
GRB060923B,238.1946,-30.9038,1.5094,-10.437422408450225,18.623230414852706,lo
GRB060912A,5.284,20.9716,0.937,17.107527501548752,20.88331788961804,lo
GRB060908A,31.8265,0.342,1.8836,-11.78776689688461,19.085741024705143,lo
GRB060906A,40.7537,30.3619,3.6855,13.868386446729021,19.793848056712196,lo
GRB060904B,58.2106,-0.7253,0.703,-20.468564686926253,21.99386847293816,mid
GRB060814A,221.339,20.5859,1.3815,34.64967084211601,26.371142494931096,mid
GRB060805A,220.9311,12.5864,2.3633,27.01805681749825,24.085425574271003,mid
GRB060801A,213.0055,16.9818,1.131,28.372135866729266,24.50392722768983,mid
GRB060729A,95.3825,-62.3701,0.54,-85.21384747851162,34.93026107499632,hi
GRB060719A,18.4321,-48.3807,1.532,-50.30178141540329,30.38838829931145,hi
GRB060714A,227.8601,-6.5662,2.7105,10.842228696643872,18.76210477194997,lo
GRB060708A,7.8076,-33.759,2.11,-33.69493170331407,26.095416637860033,mid
GRB060707A,357.0795,-17.905,3.4275,-15.23538573891607,20.255702410428658,lo
GRB060614A,320.8837,-53.0267,0.1275,-35.59523012372818,26.641105549290057,mid
GRB060607A,329.71,-22.4965,3.0785,-9.537391104645186,18.313824371379653,lo
GRB060605A,322.1555,-6.0587,3.79,8.386123720389081,17.916868712248124,lo
GRB060604A,337.2292,-10.9155,2.1357,-1.2928746672043436,15.451260097786385,lo
GRB060602A,149.579,0.314,0.787,-11.325538588421049,18.927664330828875,lo
GRB060526A,232.8265,0.2847,3.2155,18.754114688724545,21.430149362690273,lo
GRB060522A,322.9369,2.8863,5.11,16.596676583068827,20.712655596751873,lo
GRB060512A,195.7742,41.1909,1.2714,43.28276884537073,28.711989025180767,hi
GRB060510B,239.1219,78.5699,4.92,75.2264540596011,34.33882455043356,hi
GRB060505A,331.7638,-27.8147,0.089,-15.168685740456263,20.2332344470948,lo
GRB060502B,278.9385,52.6315,0.287,75.38925668111845,34.35323777762291,hi
GRB060502A,240.927,66.6007,1.51,78.54919158020152,34.60191023570057,hi
GRB060418A,236.4275,-3.6389,1.4895,15.814484221386822,20.45046968998627,lo
GRB060319A,176.3877,60.0108,1.172,51.45531853716774,30.64244915924924,hi
GRB060306A,41.0953,-2.1485,1.559,-17.19810192700628,20.913528075603516,lo
GRB060223A,55.2065,-17.1301,4.41,-35.61996418847857,26.648125046211632,mid
GRB060218A,50.4155,16.8674,0.0331,-1.5562224691179336,15.54315732983402,lo
GRB060210A,57.7392,27.0261,3.91,6.734071069294074,17.34522615372215,lo
GRB060206A,202.931,35.0509,4.0465,40.8278917099746,28.075780667820574,mid
GRB060204B,211.8125,27.6771,2.3393,37.723531912966706,27.237039030222512,mid
GRB060202A,35.8458,38.3843,0.783,22.774256067718483,22.742026782688285,mid
GRB060124A,77.1077,69.7407,2.298,46.5901439406956,29.529129339128772,hi
GRB060123A,179.6998,45.5138,0.8295,40.774904654365024,28.061779604177623,mid
GRB060116A,84.6927,-5.437,4.0,-28.765262338179248,24.624445852356153,mid
GRB060115A,54.0347,17.3453,3.53,-1.9358608799091308,15.67561436352194,lo
GRB060111A,276.2046,37.6041,2.32,60.825667631725764,32.46281086649283,hi
GRB060108A,147.0086,31.9186,2.03,17.53208818667344,21.024797525181338,lo
GRB051227A,125.231,31.949,0.8,12.110632703202233,19.1960002416332,lo
GRB051221A,328.7026,16.8907,0.5468,27.664587328859653,24.28589447527219,mid
GRB051117B,85.1807,-19.2742,0.481,-42.610051678097676,28.540101927370948,hi
GRB051111A,348.1378,18.3746,1.5495,21.519266143859053,22.3362813203643,mid
GRB051109B,345.4598,38.6796,0.08,40.6437921087726,28.02708701402404,mid
GRB051109A,330.3138,40.8233,2.346,48.491628884625044,29.97717803341271,hi
GRB051016B,132.116,13.6557,0.9364,-4.020878410025725,16.402399568990536,lo
GRB051008A,202.8734,42.0982,2.77,46.87017301551862,29.596129593257693,hi
GRB051006A,110.8089,9.5056,1.059,-12.427736471343696,19.304162039087764,lo
GRB051001A,350.953,-31.5232,2.4296,-25.238162603238447,23.52763737930895,mid
GRB050922C,317.3878,-8.7584,2.198,7.265322206746613,17.529284990330247,lo
GRB050915A,81.6867,-28.0165,2.5273,-51.11774176935299,30.568751228224396,hi
GRB050908A,20.4612,-12.955,3.347,-19.949947465817004,21.823982296324623,lo
GRB050904A,13.77,14.189,6.145,7.648882898239011,17.662040298531835,lo
GRB050826A,87.7565,-2.6433,0.297,-26.06315287038488,23.787231080700828,mid
GRB050824A,12.2342,22.6092,0.83,15.956405188653951,20.49811756070343,lo
GRB050820A,337.4088,19.5603,2.612,26.818179478509162,24.02321456221621,mid
GRB050819A,358.7568,24.8608,2.5043,23.175814573967457,22.871077868048474,mid
GRB050814A,264.1891,46.3394,5.535,69.54604662323761,33.73906672420169,hi
GRB050813A,241.9874,11.2492,1.8,31.561112668586834,25.468154161232995,mid
GRB050803A,350.6577,5.7857,0.422,9.01729903125859,18.134653315199344,lo
GRB050802A,219.2737,27.7867,1.71,40.577833254159884,28.009608392737697,mid
GRB050801A,204.1458,-21.9281,1.38,-11.051094436020232,18.83368602545483,lo
GRB050730A,212.0716,-3.7717,3.9678,8.650146941512258,18.00801349108726,lo
GRB050724A,246.1847,-27.5409,0.2575,-5.828864360057404,17.031149669413807,lo
GRB050714B,169.6988,-15.5469,2.4383,-18.326953063322023,21.288780993108215,lo
GRB050525A,278.1361,26.3393,0.606,49.46125277463199,30.19933183382289,hi
GRB050509B,189.0577,28.9844,0.2255,29.9579353407149,24.987281164093307,mid
GRB050505A,141.7639,30.2734,4.27,14.472430795776884,19.998282564186546,lo
GRB050416A,188.4777,21.0574,0.6535,22.605263127012694,22.687602522180516,mid
GRB050406A,34.467,-50.1881,2.44,-58.09204616895185,31.977966427082002,hi
GRB050401A,247.873,2.185,2.9,23.777966226979903,23.063868158120144,mid
GRB050319A,154.1996,43.5485,3.24,30.439939540087092,25.13269758233747,mid
GRB050318A,49.7129,-46.3961,1.44,-60.8841643568937,32.47275548584588,hi
GRB050315A,306.4756,-42.6004,1.949,-22.679900982821884,22.711647954722885,mid
GRB050223A,271.3851,-62.4722,0.5915,-39.03688132459141,27.596410198318214,mid
GRB050126A,278.115,42.384,1.29,65.41493023991247,33.18689106785341,hi
GRB041219A,6.1083,62.8333,0.3,52.83903787051725,30.938833405811526,hi
GRB020405A,209.55,-31.3833,0.69,-18.078039732026102,21.206241882384347,lo
GRB011211A,168.8167,-21.9333,2.14,-24.473259137872635,23.285370078823448,mid
GRB011121A,173.6042,-76.0333,0.36,-64.29677433607776,33.0210521111444,hi
GRB010921A,343.9,40.9333,0.45,43.19250081059768,28.68903377216855,hi
GRB010222A,223.05,43.0167,1.477,55.53302086284006,31.489049691084226,hi
GRB000926A,256.0625,51.7667,2.066,73.65866512882309,34.19205121902688,hi
GRB000418A,186.3375,20.0833,1.118,20.87247383182481,22.125782910774028,mid
GRB000301C,245.0917,29.4167,2.03,49.897263139186464,30.2978126408537,hi
GRB000210A,29.8125,-40.6667,0.8463,-48.40775299926905,29.957758461386142,hi
GRB990712A,337.9583,-73.4,0.434,-56.782473190663104,31.731935488619392,hi
GRB990705A,77.3833,-72.15,0.842,-82.88587443813061,34.846028706431,hi
GRB990510A,204.525,-80.5,1.619,-61.35991415266619,32.55295706765875,hi
GRB990506A,178.675,-26.75,1.3,-24.908534194091256,23.42341825416321,mid
GRB990123A,231.375,44.75,1.6,60.06820035324109,32.332399009633136,hi
GRB980703A,359.7792,8.5933,0.966,7.967167467256695,17.772112381756827,lo
GRB980613A,154.4417,71.4983,1.096,54.64703402775039,31.312061043149924,hi
GRB980425A,293.725,-52.8317,0.0085,-30.737036976101248,25.221972689705222,mid
GRB971214A,179.125,65.2,3.42,56.13179534047376,31.606433373106565,hi
GRB970508A,103.3667,79.29,0.835,56.05565231114932,31.591606688819283,hi
GRB970228A,75.4875,11.7733,0.695,-10.940002916077047,18.795619666584034,lo
